X,Y,track_fid,track_seg_id,track_seg_point_id,ele,time,magvar,geoidheight,name,cmt,desc,src,link1_href,link1_text,link1_type,link2_href,link2_text,link2_type,sym,type,fix,sat,hdop,vdop,pdop,ageofdgpsdata,dgpsid
3.8472,43.62177,"0","0","0",51,2025/03/26 12:36:41+00,,,,,,,,,,,,,,,,,,,,,
3.84754,43.62168,"0","0","1",49,2025/03/26 12:36:46+00,,,,,,,,,,,,,,,,,,,,,
3.84767,43.62162,"0","0","2",49,2025/03/26 12:36:48+00,,,,,,,,,,,,,,,,,,,,,
3.84786,43.62154,"0","0","3",49,2025/03/26 12:36:50+00,,,,,,,,,,,,,,,,,,,,,
3.84804,43.62143,"0","0","4",49,2025/03/26 12:36:54+00,,,,,,,,,,,,,,,,,,,,,
3.84827,43.62131,"0","0","5",49,2025/03/26 12:36:57+00,,,,,,,,,,,,,,,,,,,,,
3.84884,43.62099,"0","0","6",50,2025/03/26 12:37:06+00,,,,,,,,,,,,,,,,,,,,,
3.84982,43.62044,"0","0","7",52,2025/03/26 12:37:22+00,,,,,,,,,,,,,,,,,,,,,
3.84995,43.62037,"0","0","8",52,2025/03/26 12:37:25+00,,,,,,,,,,,,,,,,,,,,,
3.85056,43.62004,"0","0","9",52,2025/03/26 12:37:34+00,,,,,,,,,,,,,,,,,,,,,
3.8508,43.62004,"0","0","10",51,2025/03/26 12:37:37+00,,,,,,,,,,,,,,,,,,,,,
3.85117,43.62005,"0","0","11",49,2025/03/26 12:37:42+00,,,,,,,,,,,,,,,,,,,,,
3.85142,43.62005,"0","0","12",48,2025/03/26 12:37:45+00,,,,,,,,,,,,,,,,,,,,,
3.85258,43.62007,"0","0","13",44,2025/03/26 12:38:00+00,,,,,,,,,,,,,,,,,,,,,
3.85352,43.62012,"0","0","14",44,2025/03/26 12:38:12+00,,,,,,,,,,,,,,,,,,,,,
3.85442,43.62016,"0","0","15",44,2025/03/26 12:38:24+00,,,,,,,,,,,,,,,,,,,,,
3.85493,43.62019,"0","0","16",43,2025/03/26 12:38:31+00,,,,,,,,,,,,,,,,,,,,,
3.85531,43.62025,"0","0","17",41,2025/03/26 12:38:36+00,,,,,,,,,,,,,,,,,,,,,
3.8565,43.62048,"0","0","18",39,2025/03/26 12:38:52+00,,,,,,,,,,,,,,,,,,,,,
3.85714,43.62059,"0","0","19",38,2025/03/26 12:39:00+00,,,,,,,,,,,,,,,,,,,,,
3.85733,43.62058,"0","0","20",38,2025/03/26 12:39:02+00,,,,,,,,,,,,,,,,,,,,,
3.8576,43.62063,"0","0","21",38,2025/03/26 12:39:06+00,,,,,,,,,,,,,,,,,,,,,
3.85778,43.62066,"0","0","22",37,2025/03/26 12:39:08+00,,,,,,,,,,,,,,,,,,,,,
3.8579,43.62069,"0","0","23",37,2025/03/26 12:39:10+00,,,,,,,,,,,,,,,,,,,,,
3.85798,43.62071,"0","0","24",36,2025/03/26 12:39:11+00,,,,,,,,,,,,,,,,,,,,,
3.85808,43.62077,"0","0","25",36,2025/03/26 12:39:13+00,,,,,,,,,,,,,,,,,,,,,
3.85816,43.62084,"0","0","26",36,2025/03/26 12:39:14+00,,,,,,,,,,,,,,,,,,,,,
3.85839,43.62108,"0","0","27",36,2025/03/26 12:39:20+00,,,,,,,,,,,,,,,,,,,,,
3.8586,43.62129,"0","0","28",36,2025/03/26 12:39:24+00,,,,,,,,,,,,,,,,,,,,,
3.85887,43.62154,"0","0","29",37,2025/03/26 12:39:30+00,,,,,,,,,,,,,,,,,,,,,
3.8592,43.62177,"0","0","30",37,2025/03/26 12:39:36+00,,,,,,,,,,,,,,,,,,,,,
3.85956,43.62203,"0","0","31",38,2025/03/26 12:39:42+00,,,,,,,,,,,,,,,,,,,,,
3.85999,43.62234,"0","0","32",39,2025/03/26 12:39:50+00,,,,,,,,,,,,,,,,,,,,,
3.86008,43.6224,"0","0","33",39,2025/03/26 12:39:52+00,,,,,,,,,,,,,,,,,,,,,
3.86018,43.62247,"0","0","34",39,2025/03/26 12:39:54+00,,,,,,,,,,,,,,,,,,,,,
3.86109,43.62312,"0","0","35",39,2025/03/26 12:40:10+00,,,,,,,,,,,,,,,,,,,,,
3.86108,43.62315,"0","0","36",39,2025/03/26 12:40:11+00,,,,,,,,,,,,,,,,,,,,,
3.86124,43.62326,"0","0","37",39,2025/03/26 12:40:13+00,,,,,,,,,,,,,,,,,,,,,
3.86143,43.62339,"0","0","38",39,2025/03/26 12:40:17+00,,,,,,,,,,,,,,,,,,,,,
3.86186,43.6237,"0","0","39",39,2025/03/26 12:40:25+00,,,,,,,,,,,,,,,,,,,,,
3.86192,43.6237,"0","0","40",39,2025/03/26 12:40:25+00,,,,,,,,,,,,,,,,,,,,,
3.86207,43.6238,"0","0","41",39,2025/03/26 12:40:28+00,,,,,,,,,,,,,,,,,,,,,
3.8621,43.62383,"0","0","42",39,2025/03/26 12:40:29+00,,,,,,,,,,,,,,,,,,,,,
3.86211,43.62386,"0","0","43",39,2025/03/26 12:40:29+00,,,,,,,,,,,,,,,,,,,,,
3.86211,43.62388,"0","0","44",39,2025/03/26 12:40:30+00,,,,,,,,,,,,,,,,,,,,,
3.86217,43.62394,"0","0","45",39,2025/03/26 12:40:31+00,,,,,,,,,,,,,,,,,,,,,
3.86222,43.62398,"0","0","46",39,2025/03/26 12:40:32+00,,,,,,,,,,,,,,,,,,,,,
3.86223,43.624,"0","0","47",39,2025/03/26 12:40:32+00,,,,,,,,,,,,,,,,,,,,,
3.86216,43.62408,"0","0","48",39,2025/03/26 12:40:34+00,,,,,,,,,,,,,,,,,,,,,
3.86207,43.62416,"0","0","49",39,2025/03/26 12:40:36+00,,,,,,,,,,,,,,,,,,,,,
3.86182,43.62446,"0","0","50",40,2025/03/26 12:40:42+00,,,,,,,,,,,,,,,,,,,,,
3.86163,43.62468,"0","0","51",41,2025/03/26 12:40:47+00,,,,,,,,,,,,,,,,,,,,,
3.86125,43.62513,"0","0","52",42,2025/03/26 12:40:56+00,,,,,,,,,,,,,,,,,,,,,
3.86091,43.62557,"0","0","53",42,2025/03/26 12:41:05+00,,,,,,,,,,,,,,,,,,,,,
3.8608,43.62569,"0","0","54",42,2025/03/26 12:41:08+00,,,,,,,,,,,,,,,,,,,,,
3.86061,43.62584,"0","0","55",42,2025/03/26 12:41:11+00,,,,,,,,,,,,,,,,,,,,,
3.85985,43.62639,"0","0","56",44,2025/03/26 12:41:25+00,,,,,,,,,,,,,,,,,,,,,
3.85973,43.62647,"0","0","57",44,2025/03/26 12:41:27+00,,,,,,,,,,,,,,,,,,,,,
3.85956,43.62661,"0","0","58",44,2025/03/26 12:41:30+00,,,,,,,,,,,,,,,,,,,,,
3.8588,43.62733,"0","0","59",46,2025/03/26 12:41:47+00,,,,,,,,,,,,,,,,,,,,,
3.85843,43.62775,"0","0","60",47,2025/03/26 12:41:55+00,,,,,,,,,,,,,,,,,,,,,
3.85845,43.62783,"0","0","61",47,2025/03/26 12:41:57+00,,,,,,,,,,,,,,,,,,,,,
3.85847,43.62788,"0","0","62",47,2025/03/26 12:41:58+00,,,,,,,,,,,,,,,,,,,,,
3.85851,43.62793,"0","0","63",47,2025/03/26 12:41:59+00,,,,,,,,,,,,,,,,,,,,,
3.85883,43.62807,"0","0","64",47,2025/03/26 12:42:04+00,,,,,,,,,,,,,,,,,,,,,
3.85965,43.62835,"0","0","65",47,2025/03/26 12:42:15+00,,,,,,,,,,,,,,,,,,,,,
3.86105,43.62886,"0","0","66",44,2025/03/26 12:42:35+00,,,,,,,,,,,,,,,,,,,,,
3.86108,43.62894,"0","0","67",44,2025/03/26 12:42:37+00,,,,,,,,,,,,,,,,,,,,,
3.86108,43.62901,"0","0","68",44,2025/03/26 12:42:38+00,,,,,,,,,,,,,,,,,,,,,
3.86109,43.62917,"0","0","69",45,2025/03/26 12:42:41+00,,,,,,,,,,,,,,,,,,,,,
3.86116,43.62937,"0","0","70",45,2025/03/26 12:42:45+00,,,,,,,,,,,,,,,,,,,,,
3.8612,43.62952,"0","0","71",46,2025/03/26 12:42:47+00,,,,,,,,,,,,,,,,,,,,,
3.86126,43.62956,"0","0","72",46,2025/03/26 12:42:48+00,,,,,,,,,,,,,,,,,,,,,
3.86126,43.6296,"0","0","73",46,2025/03/26 12:42:49+00,,,,,,,,,,,,,,,,,,,,,
3.86125,43.62972,"0","0","74",46,2025/03/26 12:42:51+00,,,,,,,,,,,,,,,,,,,,,
3.86125,43.62982,"0","0","75",47,2025/03/26 12:42:53+00,,,,,,,,,,,,,,,,,,,,,
3.86122,43.63075,"0","0","76",47,2025/03/26 12:43:10+00,,,,,,,,,,,,,,,,,,,,,
3.86132,43.6308,"0","0","77",48,2025/03/26 12:43:11+00,,,,,,,,,,,,,,,,,,,,,
3.86136,43.63082,"0","0","78",48,2025/03/26 12:43:12+00,,,,,,,,,,,,,,,,,,,,,
3.86139,43.63084,"0","0","79",48,2025/03/26 12:43:12+00,,,,,,,,,,,,,,,,,,,,,
3.86139,43.63087,"0","0","80",48,2025/03/26 12:43:13+00,,,,,,,,,,,,,,,,,,,,,
3.86139,43.6309,"0","0","81",47,2025/03/26 12:43:13+00,,,,,,,,,,,,,,,,,,,,,
3.8614,43.63095,"0","0","82",47,2025/03/26 12:43:14+00,,,,,,,,,,,,,,,,,,,,,
3.86138,43.63096,"0","0","83",47,2025/03/26 12:43:15+00,,,,,,,,,,,,,,,,,,,,,
3.86132,43.63105,"0","0","84",47,2025/03/26 12:43:16+00,,,,,,,,,,,,,,,,,,,,,
3.86128,43.63108,"0","0","85",47,2025/03/26 12:43:17+00,,,,,,,,,,,,,,,,,,,,,
3.86123,43.6311,"0","0","86",47,2025/03/26 12:43:18+00,,,,,,,,,,,,,,,,,,,,,
3.86117,43.63112,"0","0","87",46,2025/03/26 12:43:19+00,,,,,,,,,,,,,,,,,,,,,
3.86111,43.63112,"0","0","88",46,2025/03/26 12:43:20+00,,,,,,,,,,,,,,,,,,,,,
3.86105,43.63112,"0","0","89",46,2025/03/26 12:43:20+00,,,,,,,,,,,,,,,,,,,,,
3.86101,43.63113,"0","0","90",46,2025/03/26 12:43:21+00,,,,,,,,,,,,,,,,,,,,,
3.86098,43.63115,"0","0","91",46,2025/03/26 12:43:21+00,,,,,,,,,,,,,,,,,,,,,
3.86076,43.63146,"0","0","92",45,2025/03/26 12:43:28+00,,,,,,,,,,,,,,,,,,,,,
3.86062,43.63164,"0","0","93",45,2025/03/26 12:43:31+00,,,,,,,,,,,,,,,,,,,,,
3.86059,43.63169,"0","0","94",45,2025/03/26 12:43:32+00,,,,,,,,,,,,,,,,,,,,,
3.86046,43.63187,"0","0","95",46,2025/03/26 12:43:36+00,,,,,,,,,,,,,,,,,,,,,
3.86042,43.63193,"0","0","96",46,2025/03/26 12:43:37+00,,,,,,,,,,,,,,,,,,,,,
3.8604,43.63201,"0","0","97",46,2025/03/26 12:43:38+00,,,,,,,,,,,,,,,,,,,,,
3.86038,43.63225,"0","0","98",47,2025/03/26 12:43:43+00,,,,,,,,,,,,,,,,,,,,,
3.86029,43.63319,"0","0","99",48,2025/03/26 12:44:00+00,,,,,,,,,,,,,,,,,,,,,
3.86028,43.63328,"0","0","100",48,2025/03/26 12:44:01+00,,,,,,,,,,,,,,,,,,,,,
3.86021,43.63368,"0","0","101",49,2025/03/26 12:44:08+00,,,,,,,,,,,,,,,,,,,,,
3.86013,43.63398,"0","0","102",50,2025/03/26 12:44:14+00,,,,,,,,,,,,,,,,,,,,,
3.86013,43.63406,"0","0","103",51,2025/03/26 12:44:15+00,,,,,,,,,,,,,,,,,,,,,
3.86008,43.63423,"0","0","104",52,2025/03/26 12:44:18+00,,,,,,,,,,,,,,,,,,,,,
3.86002,43.63436,"0","0","105",52,2025/03/26 12:44:21+00,,,,,,,,,,,,,,,,,,,,,
3.86,43.63439,"0","0","106",53,2025/03/26 12:44:21+00,,,,,,,,,,,,,,,,,,,,,
3.85988,43.63484,"0","0","107",56,2025/03/26 12:44:29+00,,,,,,,,,,,,,,,,,,,,,
3.85987,43.63487,"0","0","108",57,2025/03/26 12:44:30+00,,,,,,,,,,,,,,,,,,,,,
3.85966,43.63554,"0","0","109",65,2025/03/26 12:44:42+00,,,,,,,,,,,,,,,,,,,,,
3.85967,43.63569,"0","0","110",67,2025/03/26 12:44:45+00,,,,,,,,,,,,,,,,,,,,,
3.85973,43.63583,"0","0","111",68,2025/03/26 12:44:47+00,,,,,,,,,,,,,,,,,,,,,
3.85987,43.63608,"0","0","112",68,2025/03/26 12:44:52+00,,,,,,,,,,,,,,,,,,,,,
3.86003,43.63645,"0","0","113",68,2025/03/26 12:44:59+00,,,,,,,,,,,,,,,,,,,,,
3.86005,43.63654,"0","0","114",68,2025/03/26 12:45:01+00,,,,,,,,,,,,,,,,,,,,,
3.86006,43.63663,"0","0","115",68,2025/03/26 12:45:02+00,,,,,,,,,,,,,,,,,,,,,
3.86005,43.63673,"0","0","116",68,2025/03/26 12:45:04+00,,,,,,,,,,,,,,,,,,,,,
3.86001,43.63702,"0","0","117",67,2025/03/26 12:45:09+00,,,,,,,,,,,,,,,,,,,,,
3.86001,43.63707,"0","0","118",67,2025/03/26 12:45:10+00,,,,,,,,,,,,,,,,,,,,,
3.85997,43.63718,"0","0","119",66,2025/03/26 12:45:12+00,,,,,,,,,,,,,,,,,,,,,
3.85989,43.63732,"0","0","120",66,2025/03/26 12:45:15+00,,,,,,,,,,,,,,,,,,,,,
3.85973,43.63752,"0","0","121",66,2025/03/26 12:45:19+00,,,,,,,,,,,,,,,,,,,,,
3.85968,43.63763,"0","0","122",67,2025/03/26 12:45:21+00,,,,,,,,,,,,,,,,,,,,,
3.85962,43.63776,"0","0","123",67,2025/03/26 12:45:24+00,,,,,,,,,,,,,,,,,,,,,
3.85957,43.63793,"0","0","124",67,2025/03/26 12:45:27+00,,,,,,,,,,,,,,,,,,,,,
3.85953,43.63817,"0","0","125",68,2025/03/26 12:45:31+00,,,,,,,,,,,,,,,,,,,,,
3.8595,43.63836,"0","0","126",68,2025/03/26 12:45:34+00,,,,,,,,,,,,,,,,,,,,,
3.85944,43.6386,"0","0","127",70,2025/03/26 12:45:39+00,,,,,,,,,,,,,,,,,,,,,
3.85937,43.63876,"0","0","128",71,2025/03/26 12:45:42+00,,,,,,,,,,,,,,,,,,,,,
3.85937,43.63877,"0","0","129",71,2025/03/26 12:45:42+00,,,,,,,,,,,,,,,,,,,,,
3.85928,43.63896,"0","0","130",73,2025/03/26 12:45:45+00,,,,,,,,,,,,,,,,,,,,,
3.85922,43.63912,"0","0","131",74,2025/03/26 12:45:48+00,,,,,,,,,,,,,,,,,,,,,
3.85908,43.63942,"0","0","132",77,2025/03/26 12:45:54+00,,,,,,,,,,,,,,,,,,,,,
3.85897,43.63957,"0","0","133",78,2025/03/26 12:45:57+00,,,,,,,,,,,,,,,,,,,,,
3.85865,43.63996,"0","0","134",81,2025/03/26 12:46:05+00,,,,,,,,,,,,,,,,,,,,,
3.8586,43.64001,"0","0","135",81,2025/03/26 12:46:06+00,,,,,,,,,,,,,,,,,,,,,
3.85815,43.6403,"0","0","136",80,2025/03/26 12:46:14+00,,,,,,,,,,,,,,,,,,,,,
3.85786,43.6405,"0","0","137",81,2025/03/26 12:46:19+00,,,,,,,,,,,,,,,,,,,,,
3.85769,43.64063,"0","0","138",81,2025/03/26 12:46:22+00,,,,,,,,,,,,,,,,,,,,,
3.85768,43.64065,"0","0","139",81,2025/03/26 12:46:23+00,,,,,,,,,,,,,,,,,,,,,
3.8577,43.64072,"0","0","140",82,2025/03/26 12:46:24+00,,,,,,,,,,,,,,,,,,,,,
3.85775,43.64078,"0","0","141",82,2025/03/26 12:46:25+00,,,,,,,,,,,,,,,,,,,,,
3.85788,43.64083,"0","0","142",82,2025/03/26 12:46:27+00,,,,,,,,,,,,,,,,,,,,,
3.85808,43.64092,"0","0","143",81,2025/03/26 12:46:30+00,,,,,,,,,,,,,,,,,,,,,
3.85813,43.64099,"0","0","144",81,2025/03/26 12:46:32+00,,,,,,,,,,,,,,,,,,,,,
3.85826,43.64127,"0","0","145",79,2025/03/26 12:46:37+00,,,,,,,,,,,,,,,,,,,,,
3.85837,43.64145,"0","0","146",77,2025/03/26 12:46:40+00,,,,,,,,,,,,,,,,,,,,,
3.85857,43.64167,"0","0","147",76,2025/03/26 12:46:45+00,,,,,,,,,,,,,,,,,,,,,
3.85865,43.64174,"0","0","148",76,2025/03/26 12:46:47+00,,,,,,,,,,,,,,,,,,,,,
3.85929,43.64232,"0","0","149",73,2025/03/26 12:47:00+00,,,,,,,,,,,,,,,,,,,,,
3.85944,43.64256,"0","0","150",72,2025/03/26 12:47:05+00,,,,,,,,,,,,,,,,,,,,,
3.8595,43.64264,"0","0","151",72,2025/03/26 12:47:06+00,,,,,,,,,,,,,,,,,,,,,
3.85954,43.64269,"0","0","152",72,2025/03/26 12:47:07+00,,,,,,,,,,,,,,,,,,,,,
3.86031,43.64345,"0","0","153",67,2025/03/26 12:47:24+00,,,,,,,,,,,,,,,,,,,,,
3.86038,43.64353,"0","0","154",67,2025/03/26 12:47:26+00,,,,,,,,,,,,,,,,,,,,,
3.86042,43.64353,"0","0","155",66,2025/03/26 12:47:26+00,,,,,,,,,,,,,,,,,,,,,
3.8605,43.64353,"0","0","156",66,2025/03/26 12:47:27+00,,,,,,,,,,,,,,,,,,,,,
3.86052,43.64357,"0","0","157",66,2025/03/26 12:47:28+00,,,,,,,,,,,,,,,,,,,,,
3.86055,43.64373,"0","0","158",66,2025/03/26 12:47:31+00,,,,,,,,,,,,,,,,,,,,,
3.86066,43.64388,"0","0","159",66,2025/03/26 12:47:34+00,,,,,,,,,,,,,,,,,,,,,
3.86077,43.64401,"0","0","160",65,2025/03/26 12:47:37+00,,,,,,,,,,,,,,,,,,,,,
3.86101,43.64424,"0","0","161",63,2025/03/26 12:47:42+00,,,,,,,,,,,,,,,,,,,,,
3.8616,43.64476,"0","0","162",62,2025/03/26 12:47:54+00,,,,,,,,,,,,,,,,,,,,,
3.86182,43.64494,"0","0","163",62,2025/03/26 12:47:58+00,,,,,,,,,,,,,,,,,,,,,
3.86201,43.64513,"0","0","164",63,2025/03/26 12:48:02+00,,,,,,,,,,,,,,,,,,,,,
3.86213,43.64524,"0","0","165",62,2025/03/26 12:48:05+00,,,,,,,,,,,,,,,,,,,,,
3.86215,43.64529,"0","0","166",62,2025/03/26 12:48:06+00,,,,,,,,,,,,,,,,,,,,,
3.8623,43.64542,"0","0","167",62,2025/03/26 12:48:09+00,,,,,,,,,,,,,,,,,,,,,
3.8625,43.64564,"0","0","168",62,2025/03/26 12:48:13+00,,,,,,,,,,,,,,,,,,,,,
3.86258,43.64569,"0","0","169",62,2025/03/26 12:48:15+00,,,,,,,,,,,,,,,,,,,,,
3.86262,43.64576,"0","0","170",62,2025/03/26 12:48:16+00,,,,,,,,,,,,,,,,,,,,,
3.86431,43.64796,"0","0","171",57,2025/03/26 12:49:01+00,,,,,,,,,,,,,,,,,,,,,
3.86448,43.64815,"0","0","172",56,2025/03/26 12:49:05+00,,,,,,,,,,,,,,,,,,,,,
3.8645,43.64819,"0","0","173",56,2025/03/26 12:49:05+00,,,,,,,,,,,,,,,,,,,,,
3.86466,43.64841,"0","0","174",55,2025/03/26 12:49:10+00,,,,,,,,,,,,,,,,,,,,,
3.8647,43.64846,"0","0","175",55,2025/03/26 12:49:11+00,,,,,,,,,,,,,,,,,,,,,
3.86565,43.64968,"0","0","176",51,2025/03/26 12:49:36+00,,,,,,,,,,,,,,,,,,,,,
3.86565,43.64968,"0","0","177",51,2025/03/26 12:49:36+00,,,,,,,,,,,,,,,,,,,,,
3.86573,43.64979,"0","0","178",50,2025/03/26 12:49:38+00,,,,,,,,,,,,,,,,,,,,,
3.86573,43.64979,"0","0","179",50,2025/03/26 12:49:38+00,,,,,,,,,,,,,,,,,,,,,
3.8658,43.64988,"0","0","180",49,2025/03/26 12:49:40+00,,,,,,,,,,,,,,,,,,,,,
3.86582,43.64992,"0","0","181",49,2025/03/26 12:49:41+00,,,,,,,,,,,,,,,,,,,,,
3.86592,43.65004,"0","0","182",48,2025/03/26 12:49:43+00,,,,,,,,,,,,,,,,,,,,,
3.86601,43.65016,"0","0","183",47,2025/03/26 12:49:46+00,,,,,,,,,,,,,,,,,,,,,
3.86602,43.65027,"0","0","184",47,2025/03/26 12:49:48+00,,,,,,,,,,,,,,,,,,,,,
3.86614,43.65034,"0","0","185",47,2025/03/26 12:49:50+00,,,,,,,,,,,,,,,,,,,,,
3.86617,43.65036,"0","0","186",47,2025/03/26 12:49:50+00,,,,,,,,,,,,,,,,,,,,,
3.8662,43.65039,"0","0","187",47,2025/03/26 12:49:51+00,,,,,,,,,,,,,,,,,,,,,
3.86624,43.65043,"0","0","188",47,2025/03/26 12:49:52+00,,,,,,,,,,,,,,,,,,,,,
3.86636,43.65051,"0","0","189",47,2025/03/26 12:49:54+00,,,,,,,,,,,,,,,,,,,,,
3.8665,43.65059,"0","0","190",47,2025/03/26 12:49:56+00,,,,,,,,,,,,,,,,,,,,,
3.86658,43.65063,"0","0","191",47,2025/03/26 12:49:57+00,,,,,,,,,,,,,,,,,,,,,
3.8668,43.65071,"0","0","192",47,2025/03/26 12:50:00+00,,,,,,,,,,,,,,,,,,,,,
3.86709,43.65078,"0","0","193",46,2025/03/26 12:50:04+00,,,,,,,,,,,,,,,,,,,,,
3.86721,43.6508,"0","0","194",46,2025/03/26 12:50:06+00,,,,,,,,,,,,,,,,,,,,,
3.86795,43.65089,"0","0","195",45,2025/03/26 12:50:16+00,,,,,,,,,,,,,,,,,,,,,
3.86811,43.65092,"0","0","196",45,2025/03/26 12:50:18+00,,,,,,,,,,,,,,,,,,,,,
3.86891,43.65111,"0","0","197",44,2025/03/26 12:50:29+00,,,,,,,,,,,,,,,,,,,,,
3.86916,43.65118,"0","0","198",44,2025/03/26 12:50:32+00,,,,,,,,,,,,,,,,,,,,,
3.8695,43.65129,"0","0","199",45,2025/03/26 12:50:37+00,,,,,,,,,,,,,,,,,,,,,
3.87026,43.65158,"0","0","200",44,2025/03/26 12:50:48+00,,,,,,,,,,,,,,,,,,,,,
3.87081,43.6518,"0","0","201",42,2025/03/26 12:50:56+00,,,,,,,,,,,,,,,,,,,,,
3.87113,43.65194,"0","0","202",41,2025/03/26 12:51:01+00,,,,,,,,,,,,,,,,,,,,,
3.87139,43.65208,"0","0","203",41,2025/03/26 12:51:05+00,,,,,,,,,,,,,,,,,,,,,
3.87157,43.65216,"0","0","204",41,2025/03/26 12:51:08+00,,,,,,,,,,,,,,,,,,,,,
3.87192,43.65235,"0","0","205",40,2025/03/26 12:51:13+00,,,,,,,,,,,,,,,,,,,,,
3.8727,43.65296,"0","0","206",42,2025/03/26 12:51:28+00,,,,,,,,,,,,,,,,,,,,,
3.87294,43.65319,"0","0","207",43,2025/03/26 12:51:33+00,,,,,,,,,,,,,,,,,,,,,
3.8735,43.65367,"0","0","208",46,2025/03/26 12:51:44+00,,,,,,,,,,,,,,,,,,,,,
3.87366,43.65379,"0","0","209",46,2025/03/26 12:51:47+00,,,,,,,,,,,,,,,,,,,,,
3.8738,43.65391,"0","0","210",47,2025/03/26 12:51:50+00,,,,,,,,,,,,,,,,,,,,,
3.87412,43.65418,"0","0","211",50,2025/03/26 12:51:56+00,,,,,,,,,,,,,,,,,,,,,
3.87428,43.65427,"0","0","212",50,2025/03/26 12:51:59+00,,,,,,,,,,,,,,,,,,,,,
3.87445,43.65437,"0","0","213",51,2025/03/26 12:52:02+00,,,,,,,,,,,,,,,,,,,,,
3.87462,43.65445,"0","0","214",51,2025/03/26 12:52:05+00,,,,,,,,,,,,,,,,,,,,,
3.87522,43.65465,"0","0","215",51,2025/03/26 12:52:13+00,,,,,,,,,,,,,,,,,,,,,
3.87544,43.65471,"0","0","216",51,2025/03/26 12:52:16+00,,,,,,,,,,,,,,,,,,,,,
3.87564,43.65475,"0","0","217",51,2025/03/26 12:52:19+00,,,,,,,,,,,,,,,,,,,,,
3.87584,43.65478,"0","0","218",50,2025/03/26 12:52:21+00,,,,,,,,,,,,,,,,,,,,,
3.87836,43.65473,"0","0","219",52,2025/03/26 12:52:54+00,,,,,,,,,,,,,,,,,,,,,
3.87857,43.65471,"0","0","220",52,2025/03/26 12:52:57+00,,,,,,,,,,,,,,,,,,,,,
3.87876,43.65468,"0","0","221",51,2025/03/26 12:52:59+00,,,,,,,,,,,,,,,,,,,,,
3.87912,43.65457,"0","0","222",51,2025/03/26 12:53:04+00,,,,,,,,,,,,,,,,,,,,,
3.8796,43.65434,"0","0","223",51,2025/03/26 12:53:11+00,,,,,,,,,,,,,,,,,,,,,
3.87984,43.65418,"0","0","224",50,2025/03/26 12:53:16+00,,,,,,,,,,,,,,,,,,,,,
3.88021,43.65388,"0","0","225",50,2025/03/26 12:53:23+00,,,,,,,,,,,,,,,,,,,,,
3.88056,43.65362,"0","0","226",50,2025/03/26 12:53:29+00,,,,,,,,,,,,,,,,,,,,,
3.88116,43.65314,"0","0","227",52,2025/03/26 12:53:41+00,,,,,,,,,,,,,,,,,,,,,
3.88126,43.65304,"0","0","228",52,2025/03/26 12:53:43+00,,,,,,,,,,,,,,,,,,,,,
3.88135,43.6531,"0","0","229",52,2025/03/26 12:53:45+00,,,,,,,,,,,,,,,,,,,,,
3.88161,43.65328,"0","0","230",53,2025/03/26 12:53:49+00,,,,,,,,,,,,,,,,,,,,,
3.8817,43.65334,"0","0","231",53,2025/03/26 12:53:51+00,,,,,,,,,,,,,,,,,,,,,
3.88174,43.65335,"0","0","232",53,2025/03/26 12:53:51+00,,,,,,,,,,,,,,,,,,,,,
3.88179,43.65336,"0","0","233",53,2025/03/26 12:53:52+00,,,,,,,,,,,,,,,,,,,,,
3.88189,43.65335,"0","0","234",53,2025/03/26 12:53:53+00,,,,,,,,,,,,,,,,,,,,,
3.882,43.65333,"0","0","235",53,2025/03/26 12:53:55+00,,,,,,,,,,,,,,,,,,,,,
3.88211,43.65332,"0","0","236",54,2025/03/26 12:53:56+00,,,,,,,,,,,,,,,,,,,,,
3.88216,43.6533,"0","0","237",54,2025/03/26 12:53:57+00,,,,,,,,,,,,,,,,,,,,,
3.88219,43.65327,"0","0","238",54,2025/03/26 12:53:58+00,,,,,,,,,,,,,,,,,,,,,
3.88222,43.65319,"0","0","239",54,2025/03/26 12:53:59+00,,,,,,,,,,,,,,,,,,,,,
3.88226,43.6531,"0","0","240",54,2025/03/26 12:54:01+00,,,,,,,,,,,,,,,,,,,,,
3.88236,43.65313,"0","0","241",54,2025/03/26 12:54:02+00,,,,,,,,,,,,,,,,,,,,,
3.88246,43.65317,"0","0","242",54,2025/03/26 12:54:04+00,,,,,,,,,,,,,,,,,,,,,
3.88253,43.65319,"0","0","243",54,2025/03/26 12:54:05+00,,,,,,,,,,,,,,,,,,,,,
3.88262,43.65322,"0","0","244",53,2025/03/26 12:54:06+00,,,,,,,,,,,,,,,,,,,,,
3.88268,43.65325,"0","0","245",53,2025/03/26 12:54:07+00,,,,,,,,,,,,,,,,,,,,,
3.88306,43.65341,"0","0","246",51,2025/03/26 12:54:12+00,,,,,,,,,,,,,,,,,,,,,
3.88327,43.65347,"0","0","247",50,2025/03/26 12:54:15+00,,,,,,,,,,,,,,,,,,,,,
3.88339,43.6535,"0","0","248",50,2025/03/26 12:54:17+00,,,,,,,,,,,,,,,,,,,,,
3.88364,43.65354,"0","0","249",50,2025/03/26 12:54:20+00,,,,,,,,,,,,,,,,,,,,,
3.88365,43.6535,"0","0","250",50,2025/03/26 12:54:21+00,,,,,,,,,,,,,,,,,,,,,
3.88368,43.65349,"0","0","251",50,2025/03/26 12:54:21+00,,,,,,,,,,,,,,,,,,,,,
3.88382,43.65349,"0","0","252",50,2025/03/26 12:54:23+00,,,,,,,,,,,,,,,,,,,,,
3.88441,43.65354,"0","0","253",50,2025/03/26 12:54:31+00,,,,,,,,,,,,,,,,,,,,,
3.88548,43.65359,"0","0","254",50,2025/03/26 12:54:45+00,,,,,,,,,,,,,,,,,,,,,
3.88562,43.65357,"0","0","255",50,2025/03/26 12:54:47+00,,,,,,,,,,,,,,,,,,,,,
3.88574,43.65354,"0","0","256",50,2025/03/26 12:54:48+00,,,,,,,,,,,,,,,,,,,,,
3.88584,43.65346,"0","0","257",49,2025/03/26 12:54:50+00,,,,,,,,,,,,,,,,,,,,,
3.88587,43.65342,"0","0","258",49,2025/03/26 12:54:51+00,,,,,,,,,,,,,,,,,,,,,
3.88593,43.65342,"0","0","259",50,2025/03/26 12:54:52+00,,,,,,,,,,,,,,,,,,,,,
3.886,43.65343,"0","0","260",50,2025/03/26 12:54:53+00,,,,,,,,,,,,,,,,,,,,,
3.88602,43.65343,"0","0","261",50,2025/03/26 12:54:53+00,,,,,,,,,,,,,,,,,,,,,
3.88605,43.65345,"0","0","262",50,2025/03/26 12:54:53+00,,,,,,,,,,,,,,,,,,,,,
3.88609,43.65353,"0","0","263",50,2025/03/26 12:54:55+00,,,,,,,,,,,,,,,,,,,,,
3.88615,43.65357,"0","0","264",51,2025/03/26 12:54:56+00,,,,,,,,,,,,,,,,,,,,,
3.88625,43.65361,"0","0","265",51,2025/03/26 12:54:57+00,,,,,,,,,,,,,,,,,,,,,
3.8864,43.65364,"0","0","266",52,2025/03/26 12:54:59+00,,,,,,,,,,,,,,,,,,,,,
3.88654,43.65366,"0","0","267",52,2025/03/26 12:55:01+00,,,,,,,,,,,,,,,,,,,,,
3.8867,43.65367,"0","0","268",53,2025/03/26 12:55:03+00,,,,,,,,,,,,,,,,,,,,,
3.88724,43.65368,"0","0","269",55,2025/03/26 12:55:10+00,,,,,,,,,,,,,,,,,,,,,
3.88747,43.65367,"0","0","270",56,2025/03/26 12:55:13+00,,,,,,,,,,,,,,,,,,,,,
3.88762,43.65364,"0","0","271",56,2025/03/26 12:55:15+00,,,,,,,,,,,,,,,,,,,,,
3.88768,43.65366,"0","0","272",56,2025/03/26 12:55:16+00,,,,,,,,,,,,,,,,,,,,,
3.88782,43.65364,"0","0","273",56,2025/03/26 12:55:18+00,,,,,,,,,,,,,,,,,,,,,
3.88859,43.65339,"0","0","274",54,2025/03/26 12:55:29+00,,,,,,,,,,,,,,,,,,,,,
3.88864,43.65337,"0","0","275",54,2025/03/26 12:55:30+00,,,,,,,,,,,,,,,,,,,,,
3.88879,43.65333,"0","0","276",53,2025/03/26 12:55:32+00,,,,,,,,,,,,,,,,,,,,,
3.88886,43.65332,"0","0","277",53,2025/03/26 12:55:32+00,,,,,,,,,,,,,,,,,,,,,
3.88895,43.65336,"0","0","278",52,2025/03/26 12:55:34+00,,,,,,,,,,,,,,,,,,,,,
3.88901,43.65336,"0","0","279",52,2025/03/26 12:55:35+00,,,,,,,,,,,,,,,,,,,,,
3.88906,43.65339,"0","0","280",52,2025/03/26 12:55:35+00,,,,,,,,,,,,,,,,,,,,,
3.88934,43.6535,"0","0","281",51,2025/03/26 12:55:40+00,,,,,,,,,,,,,,,,,,,,,
3.88954,43.65363,"0","0","282",52,2025/03/26 12:55:43+00,,,,,,,,,,,,,,,,,,,,,
3.89014,43.6539,"0","0","283",52,2025/03/26 12:55:52+00,,,,,,,,,,,,,,,,,,,,,
3.89049,43.65405,"0","0","284",52,2025/03/26 12:55:57+00,,,,,,,,,,,,,,,,,,,,,
3.89113,43.65436,"0","0","285",51,2025/03/26 12:56:07+00,,,,,,,,,,,,,,,,,,,,,
3.89176,43.65462,"0","0","286",51,2025/03/26 12:56:17+00,,,,,,,,,,,,,,,,,,,,,
3.89178,43.65463,"0","0","287",51,2025/03/26 12:56:17+00,,,,,,,,,,,,,,,,,,,,,
3.89188,43.65456,"0","0","288",51,2025/03/26 12:56:19+00,,,,,,,,,,,,,,,,,,,,,
3.89206,43.65468,"0","0","289",51,2025/03/26 12:56:22+00,,,,,,,,,,,,,,,,,,,,,
3.89203,43.65477,"0","0","290",52,2025/03/26 12:56:24+00,,,,,,,,,,,,,,,,,,,,,
3.89202,43.65483,"0","0","291",52,2025/03/26 12:56:25+00,,,,,,,,,,,,,,,,,,,,,
3.89202,43.65486,"0","0","292",52,2025/03/26 12:56:25+00,,,,,,,,,,,,,,,,,,,,,
3.89197,43.65489,"0","0","293",52,2025/03/26 12:56:26+00,,,,,,,,,,,,,,,,,,,,,
3.89195,43.65491,"0","0","294",52,2025/03/26 12:56:26+00,,,,,,,,,,,,,,,,,,,,,
3.89197,43.65492,"0","0","295",52,2025/03/26 12:56:27+00,,,,,,,,,,,,,,,,,,,,,
3.8921,43.65505,"0","0","296",53,2025/03/26 12:56:30+00,,,,,,,,,,,,,,,,,,,,,
3.89218,43.65515,"0","0","297",53,2025/03/26 12:56:32+00,,,,,,,,,,,,,,,,,,,,,
3.89224,43.65525,"0","0","298",53,2025/03/26 12:56:34+00,,,,,,,,,,,,,,,,,,,,,
3.89231,43.65538,"0","0","299",54,2025/03/26 12:56:36+00,,,,,,,,,,,,,,,,,,,,,
3.89255,43.65587,"0","0","300",55,2025/03/26 12:56:45+00,,,,,,,,,,,,,,,,,,,,,
3.89275,43.65619,"0","0","301",57,2025/03/26 12:56:52+00,,,,,,,,,,,,,,,,,,,,,
3.89276,43.65629,"0","0","302",57,2025/03/26 12:56:53+00,,,,,,,,,,,,,,,,,,,,,
3.89277,43.65634,"0","0","303",58,2025/03/26 12:56:54+00,,,,,,,,,,,,,,,,,,,,,
3.89283,43.65639,"0","0","304",58,2025/03/26 12:56:55+00,,,,,,,,,,,,,,,,,,,,,
3.89363,43.65727,"0","0","305",61,2025/03/26 12:57:14+00,,,,,,,,,,,,,,,,,,,,,
3.8943,43.65782,"0","0","306",64,2025/03/26 12:57:27+00,,,,,,,,,,,,,,,,,,,,,
3.89497,43.6584,"0","0","307",67,2025/03/26 12:57:41+00,,,,,,,,,,,,,,,,,,,,,
3.89514,43.65855,"0","0","308",65,2025/03/26 12:57:44+00,,,,,,,,,,,,,,,,,,,,,
3.89522,43.65864,"0","0","309",64,2025/03/26 12:57:46+00,,,,,,,,,,,,,,,,,,,,,
3.8952,43.65874,"0","0","310",64,2025/03/26 12:57:48+00,,,,,,,,,,,,,,,,,,,,,
3.89512,43.65884,"0","0","311",65,2025/03/26 12:57:50+00,,,,,,,,,,,,,,,,,,,,,
3.89499,43.65896,"0","0","312",65,2025/03/26 12:57:53+00,,,,,,,,,,,,,,,,,,,,,
3.89495,43.65903,"0","0","313",65,2025/03/26 12:57:54+00,,,,,,,,,,,,,,,,,,,,,
3.89497,43.65908,"0","0","314",64,2025/03/26 12:57:55+00,,,,,,,,,,,,,,,,,,,,,
3.89509,43.65913,"0","0","315",64,2025/03/26 12:57:57+00,,,,,,,,,,,,,,,,,,,,,
3.89527,43.65923,"0","0","316",64,2025/03/26 12:58:00+00,,,,,,,,,,,,,,,,,,,,,
3.89572,43.65955,"0","0","317",65,2025/03/26 12:58:08+00,,,,,,,,,,,,,,,,,,,,,
3.89582,43.65955,"0","0","318",65,2025/03/26 12:58:09+00,,,,,,,,,,,,,,,,,,,,,
3.89586,43.65953,"0","0","319",66,2025/03/26 12:58:10+00,,,,,,,,,,,,,,,,,,,,,
3.89591,43.65951,"0","0","320",66,2025/03/26 12:58:10+00,,,,,,,,,,,,,,,,,,,,,
3.89625,43.65992,"0","0","321",68,2025/03/26 12:58:19+00,,,,,,,,,,,,,,,,,,,,,
3.89631,43.65996,"0","0","322",68,2025/03/26 12:58:20+00,,,,,,,,,,,,,,,,,,,,,
3.89643,43.65998,"0","0","323",69,2025/03/26 12:58:21+00,,,,,,,,,,,,,,,,,,,,,
3.89654,43.66003,"0","0","324",69,2025/03/26 12:58:23+00,,,,,,,,,,,,,,,,,,,,,
3.89658,43.66004,"0","0","325",70,2025/03/26 12:58:24+00,,,,,,,,,,,,,,,,,,,,,
3.89658,43.66008,"0","0","326",70,2025/03/26 12:58:24+00,,,,,,,,,,,,,,,,,,,,,
3.89656,43.66014,"0","0","327",69,2025/03/26 12:58:25+00,,,,,,,,,,,,,,,,,,,,,
3.89656,43.66017,"0","0","328",69,2025/03/26 12:58:26+00,,,,,,,,,,,,,,,,,,,,,
3.89667,43.66018,"0","0","329",70,2025/03/26 12:58:27+00,,,,,,,,,,,,,,,,,,,,,
3.89701,43.66013,"0","0","330",69,2025/03/26 12:58:32+00,,,,,,,,,,,,,,,,,,,,,
3.89768,43.66007,"0","0","331",68,2025/03/26 12:58:41+00,,,,,,,,,,,,,,,,,,,,,
3.898,43.66006,"0","0","332",68,2025/03/26 12:58:45+00,,,,,,,,,,,,,,,,,,,,,
3.89811,43.66007,"0","0","333",68,2025/03/26 12:58:46+00,,,,,,,,,,,,,,,,,,,,,
3.89827,43.66012,"0","0","334",69,2025/03/26 12:58:48+00,,,,,,,,,,,,,,,,,,,,,
3.89833,43.66012,"0","0","335",69,2025/03/26 12:58:49+00,,,,,,,,,,,,,,,,,,,,,
3.89841,43.66011,"0","0","336",68,2025/03/26 12:58:50+00,,,,,,,,,,,,,,,,,,,,,
3.8986,43.66011,"0","0","337",67,2025/03/26 12:58:53+00,,,,,,,,,,,,,,,,,,,,,
3.89886,43.66009,"0","0","338",66,2025/03/26 12:58:56+00,,,,,,,,,,,,,,,,,,,,,
3.89919,43.66004,"0","0","339",65,2025/03/26 12:59:00+00,,,,,,,,,,,,,,,,,,,,,
3.89928,43.66004,"0","0","340",65,2025/03/26 12:59:02+00,,,,,,,,,,,,,,,,,,,,,
3.89935,43.66005,"0","0","341",64,2025/03/26 12:59:02+00,,,,,,,,,,,,,,,,,,,,,
3.89941,43.66007,"0","0","342",64,2025/03/26 12:59:03+00,,,,,,,,,,,,,,,,,,,,,
3.89947,43.66012,"0","0","343",64,2025/03/26 12:59:04+00,,,,,,,,,,,,,,,,,,,,,
3.8995,43.66015,"0","0","344",64,2025/03/26 12:59:05+00,,,,,,,,,,,,,,,,,,,,,
3.89953,43.66014,"0","0","345",64,2025/03/26 12:59:06+00,,,,,,,,,,,,,,,,,,,,,
3.89958,43.66013,"0","0","346",64,2025/03/26 12:59:06+00,,,,,,,,,,,,,,,,,,,,,
3.89963,43.66011,"0","0","347",63,2025/03/26 12:59:07+00,,,,,,,,,,,,,,,,,,,,,
3.89963,43.66008,"0","0","348",63,2025/03/26 12:59:07+00,,,,,,,,,,,,,,,,,,,,,
3.89965,43.66004,"0","0","349",63,2025/03/26 12:59:08+00,,,,,,,,,,,,,,,,,,,,,
3.89968,43.66001,"0","0","350",63,2025/03/26 12:59:09+00,,,,,,,,,,,,,,,,,,,,,
3.89975,43.65997,"0","0","351",63,2025/03/26 12:59:10+00,,,,,,,,,,,,,,,,,,,,,
3.89982,43.65993,"0","0","352",63,2025/03/26 12:59:11+00,,,,,,,,,,,,,,,,,,,,,
3.90001,43.65988,"0","0","353",62,2025/03/26 12:59:14+00,,,,,,,,,,,,,,,,,,,,,
3.90011,43.65985,"0","0","354",62,2025/03/26 12:59:15+00,,,,,,,,,,,,,,,,,,,,,
3.90018,43.65985,"0","0","355",62,2025/03/26 12:59:16+00,,,,,,,,,,,,,,,,,,,,,
3.90053,43.65984,"0","0","356",62,2025/03/26 12:59:21+00,,,,,,,,,,,,,,,,,,,,,
3.90067,43.65989,"0","0","357",61,2025/03/26 12:59:23+00,,,,,,,,,,,,,,,,,,,,,
3.9008,43.65998,"0","0","358",61,2025/03/26 12:59:25+00,,,,,,,,,,,,,,,,,,,,,
3.90089,43.66003,"0","0","359",61,2025/03/26 12:59:26+00,,,,,,,,,,,,,,,,,,,,,
3.901,43.66006,"0","0","360",61,2025/03/26 12:59:28+00,,,,,,,,,,,,,,,,,,,,,
3.90111,43.66008,"0","0","361",61,2025/03/26 12:59:29+00,,,,,,,,,,,,,,,,,,,,,
3.90125,43.66008,"0","0","362",61,2025/03/26 12:59:31+00,,,,,,,,,,,,,,,,,,,,,
3.90137,43.66009,"0","0","363",61,2025/03/26 12:59:33+00,,,,,,,,,,,,,,,,,,,,,
3.90141,43.66008,"0","0","364",61,2025/03/26 12:59:33+00,,,,,,,,,,,,,,,,,,,,,
3.90156,43.66005,"0","0","365",61,2025/03/26 12:59:35+00,,,,,,,,,,,,,,,,,,,,,
3.9016,43.66004,"0","0","366",61,2025/03/26 12:59:36+00,,,,,,,,,,,,,,,,,,,,,
3.90165,43.66003,"0","0","367",61,2025/03/26 12:59:36+00,,,,,,,,,,,,,,,,,,,,,
3.90164,43.66008,"0","0","368",61,2025/03/26 12:59:37+00,,,,,,,,,,,,,,,,,,,,,
3.90184,43.66064,"0","0","369",62,2025/03/26 12:59:48+00,,,,,,,,,,,,,,,,,,,,,
3.90206,43.66097,"0","0","370",61,2025/03/26 12:59:54+00,,,,,,,,,,,,,,,,,,,,,
3.90224,43.6613,"0","0","371",61,2025/03/26 13:00:00+00,,,,,,,,,,,,,,,,,,,,,
3.90254,43.6622,"0","0","372",63,2025/03/26 13:00:17+00,,,,,,,,,,,,,,,,,,,,,
3.90257,43.66224,"0","0","373",63,2025/03/26 13:00:18+00,,,,,,,,,,,,,,,,,,,,,
3.90262,43.66228,"0","0","374",63,2025/03/26 13:00:19+00,,,,,,,,,,,,,,,,,,,,,
3.90269,43.6623,"0","0","375",63,2025/03/26 13:00:20+00,,,,,,,,,,,,,,,,,,,,,
3.90287,43.66232,"0","0","376",63,2025/03/26 13:00:22+00,,,,,,,,,,,,,,,,,,,,,
3.90294,43.66234,"0","0","377",62,2025/03/26 13:00:23+00,,,,,,,,,,,,,,,,,,,,,
3.90302,43.66239,"0","0","378",62,2025/03/26 13:00:24+00,,,,,,,,,,,,,,,,,,,,,
3.90307,43.66244,"0","0","379",62,2025/03/26 13:00:25+00,,,,,,,,,,,,,,,,,,,,,
3.90309,43.66253,"0","0","380",63,2025/03/26 13:00:27+00,,,,,,,,,,,,,,,,,,,,,
3.90309,43.66261,"0","0","381",63,2025/03/26 13:00:29+00,,,,,,,,,,,,,,,,,,,,,
3.90298,43.66264,"0","0","382",63,2025/03/26 13:00:30+00,,,,,,,,,,,,,,,,,,,,,
3.90295,43.66267,"0","0","383",63,2025/03/26 13:00:31+00,,,,,,,,,,,,,,,,,,,,,
3.90291,43.66271,"0","0","384",63,2025/03/26 13:00:32+00,,,,,,,,,,,,,,,,,,,,,
3.90286,43.66273,"0","0","385",63,2025/03/26 13:00:32+00,,,,,,,,,,,,,,,,,,,,,
3.90281,43.66275,"0","0","386",63,2025/03/26 13:00:33+00,,,,,,,,,,,,,,,,,,,,,
3.90278,43.66282,"0","0","387",64,2025/03/26 13:00:34+00,,,,,,,,,,,,,,,,,,,,,
3.90273,43.663,"0","0","388",64,2025/03/26 13:00:38+00,,,,,,,,,,,,,,,,,,,,,
3.90274,43.6631,"0","0","389",64,2025/03/26 13:00:39+00,,,,,,,,,,,,,,,,,,,,,
3.90276,43.66321,"0","0","390",64,2025/03/26 13:00:41+00,,,,,,,,,,,,,,,,,,,,,
3.9029,43.66353,"0","0","391",66,2025/03/26 13:00:47+00,,,,,,,,,,,,,,,,,,,,,
3.9031,43.66405,"0","0","392",70,2025/03/26 13:00:57+00,,,,,,,,,,,,,,,,,,,,,
3.90318,43.66425,"0","0","393",70,2025/03/26 13:01:01+00,,,,,,,,,,,,,,,,,,,,,
3.90322,43.66447,"0","0","394",71,2025/03/26 13:01:05+00,,,,,,,,,,,,,,,,,,,,,
3.90324,43.66462,"0","0","395",71,2025/03/26 13:01:07+00,,,,,,,,,,,,,,,,,,,,,
3.90325,43.66483,"0","0","396",72,2025/03/26 13:01:11+00,,,,,,,,,,,,,,,,,,,,,
3.90327,43.66504,"0","0","397",72,2025/03/26 13:01:15+00,,,,,,,,,,,,,,,,,,,,,
3.9033,43.6651,"0","0","398",71,2025/03/26 13:01:16+00,,,,,,,,,,,,,,,,,,,,,
3.90336,43.66524,"0","0","399",69,2025/03/26 13:01:19+00,,,,,,,,,,,,,,,,,,,,,
3.90352,43.66542,"0","0","400",67,2025/03/26 13:01:22+00,,,,,,,,,,,,,,,,,,,,,
3.90343,43.66551,"0","0","401",66,2025/03/26 13:01:24+00,,,,,,,,,,,,,,,,,,,,,
3.9032,43.6657,"0","0","402",65,2025/03/26 13:01:29+00,,,,,,,,,,,,,,,,,,,,,
3.90287,43.66764,"0","0","403",61,2025/03/26 13:02:04+00,,,,,,,,,,,,,,,,,,,,,
3.90283,43.66785,"0","0","404",61,2025/03/26 13:02:07+00,,,,,,,,,,,,,,,,,,,,,
3.90277,43.66805,"0","0","405",60,2025/03/26 13:02:11+00,,,,,,,,,,,,,,,,,,,,,
3.90267,43.66826,"0","0","406",60,2025/03/26 13:02:15+00,,,,,,,,,,,,,,,,,,,,,
3.90254,43.66848,"0","0","407",62,2025/03/26 13:02:19+00,,,,,,,,,,,,,,,,,,,,,
3.90236,43.66869,"0","0","408",66,2025/03/26 13:02:24+00,,,,,,,,,,,,,,,,,,,,,
3.90213,43.66895,"0","0","409",69,2025/03/26 13:02:29+00,,,,,,,,,,,,,,,,,,,,,
3.90196,43.66912,"0","0","410",71,2025/03/26 13:02:33+00,,,,,,,,,,,,,,,,,,,,,
3.90194,43.66917,"0","0","411",72,2025/03/26 13:02:34+00,,,,,,,,,,,,,,,,,,,,,
3.90179,43.66945,"0","0","412",75,2025/03/26 13:02:39+00,,,,,,,,,,,,,,,,,,,,,
3.90176,43.66963,"0","0","413",76,2025/03/26 13:02:42+00,,,,,,,,,,,,,,,,,,,,,
3.90175,43.66987,"0","0","414",78,2025/03/26 13:02:47+00,,,,,,,,,,,,,,,,,,,,,
3.90176,43.67008,"0","0","415",80,2025/03/26 13:02:50+00,,,,,,,,,,,,,,,,,,,,,
3.90179,43.67026,"0","0","416",82,2025/03/26 13:02:54+00,,,,,,,,,,,,,,,,,,,,,
3.90184,43.67047,"0","0","417",85,2025/03/26 13:02:57+00,,,,,,,,,,,,,,,,,,,,,
3.90191,43.67069,"0","0","418",86,2025/03/26 13:03:01+00,,,,,,,,,,,,,,,,,,,,,
3.90194,43.67089,"0","0","419",87,2025/03/26 13:03:05+00,,,,,,,,,,,,,,,,,,,,,
3.90194,43.67106,"0","0","420",86,2025/03/26 13:03:08+00,,,,,,,,,,,,,,,,,,,,,
3.9019,43.67135,"0","0","421",85,2025/03/26 13:03:13+00,,,,,,,,,,,,,,,,,,,,,
3.90188,43.67145,"0","0","422",85,2025/03/26 13:03:15+00,,,,,,,,,,,,,,,,,,,,,
3.90179,43.67172,"0","0","423",85,2025/03/26 13:03:20+00,,,,,,,,,,,,,,,,,,,,,
3.90151,43.67288,"0","0","424",77,2025/03/26 13:03:41+00,,,,,,,,,,,,,,,,,,,,,
3.9015,43.67306,"0","0","425",78,2025/03/26 13:03:44+00,,,,,,,,,,,,,,,,,,,,,
3.90152,43.67318,"0","0","426",78,2025/03/26 13:03:46+00,,,,,,,,,,,,,,,,,,,,,
3.90171,43.67368,"0","0","427",79,2025/03/26 13:03:55+00,,,,,,,,,,,,,,,,,,,,,
3.90203,43.67452,"0","0","428",79,2025/03/26 13:04:11+00,,,,,,,,,,,,,,,,,,,,,
3.90208,43.67467,"0","0","429",78,2025/03/26 13:04:14+00,,,,,,,,,,,,,,,,,,,,,
3.90211,43.67492,"0","0","430",78,2025/03/26 13:04:18+00,,,,,,,,,,,,,,,,,,,,,
3.90212,43.67499,"0","0","431",78,2025/03/26 13:04:19+00,,,,,,,,,,,,,,,,,,,,,
3.90207,43.67525,"0","0","432",75,2025/03/26 13:04:24+00,,,,,,,,,,,,,,,,,,,,,
3.90205,43.67535,"0","0","433",74,2025/03/26 13:04:26+00,,,,,,,,,,,,,,,,,,,,,
3.90202,43.67543,"0","0","434",73,2025/03/26 13:04:27+00,,,,,,,,,,,,,,,,,,,,,
3.90201,43.67544,"0","0","435",73,2025/03/26 13:04:28+00,,,,,,,,,,,,,,,,,,,,,
3.90175,43.676,"0","0","436",69,2025/03/26 13:04:38+00,,,,,,,,,,,,,,,,,,,,,
3.90143,43.67675,"0","0","437",65,2025/03/26 13:04:52+00,,,,,,,,,,,,,,,,,,,,,
3.90119,43.67729,"0","0","438",66,2025/03/26 13:05:02+00,,,,,,,,,,,,,,,,,,,,,
3.90109,43.67755,"0","0","439",66,2025/03/26 13:05:07+00,,,,,,,,,,,,,,,,,,,,,
3.90106,43.67769,"0","0","440",66,2025/03/26 13:05:09+00,,,,,,,,,,,,,,,,,,,,,
3.90105,43.67781,"0","0","441",66,2025/03/26 13:05:12+00,,,,,,,,,,,,,,,,,,,,,
3.90107,43.67787,"0","0","442",66,2025/03/26 13:05:13+00,,,,,,,,,,,,,,,,,,,,,
3.90111,43.67792,"0","0","443",66,2025/03/26 13:05:14+00,,,,,,,,,,,,,,,,,,,,,
3.90113,43.67795,"0","0","444",66,2025/03/26 13:05:14+00,,,,,,,,,,,,,,,,,,,,,
3.90113,43.67802,"0","0","445",66,2025/03/26 13:05:16+00,,,,,,,,,,,,,,,,,,,,,
3.90112,43.67805,"0","0","446",66,2025/03/26 13:05:16+00,,,,,,,,,,,,,,,,,,,,,
3.90108,43.67811,"0","0","447",66,2025/03/26 13:05:17+00,,,,,,,,,,,,,,,,,,,,,
3.90102,43.67815,"0","0","448",66,2025/03/26 13:05:18+00,,,,,,,,,,,,,,,,,,,,,
3.90098,43.67817,"0","0","449",66,2025/03/26 13:05:19+00,,,,,,,,,,,,,,,,,,,,,
3.90091,43.6782,"0","0","450",66,2025/03/26 13:05:20+00,,,,,,,,,,,,,,,,,,,,,
3.90086,43.67824,"0","0","451",66,2025/03/26 13:05:21+00,,,,,,,,,,,,,,,,,,,,,
3.9008,43.67834,"0","0","452",66,2025/03/26 13:05:23+00,,,,,,,,,,,,,,,,,,,,,
3.90075,43.67844,"0","0","453",66,2025/03/26 13:05:25+00,,,,,,,,,,,,,,,,,,,,,
3.90065,43.67876,"0","0","454",66,2025/03/26 13:05:31+00,,,,,,,,,,,,,,,,,,,,,
3.90048,43.67957,"0","0","455",66,2025/03/26 13:05:45+00,,,,,,,,,,,,,,,,,,,,,
3.90037,43.67999,"0","0","456",66,2025/03/26 13:05:53+00,,,,,,,,,,,,,,,,,,,,,
3.90021,43.68036,"0","0","457",67,2025/03/26 13:06:00+00,,,,,,,,,,,,,,,,,,,,,
3.89986,43.68091,"0","0","458",68,2025/03/26 13:06:10+00,,,,,,,,,,,,,,,,,,,,,
3.8993,43.68183,"0","0","459",68,2025/03/26 13:06:28+00,,,,,,,,,,,,,,,,,,,,,
3.89909,43.68221,"0","0","460",69,2025/03/26 13:06:36+00,,,,,,,,,,,,,,,,,,,,,
3.89901,43.68246,"0","0","461",69,2025/03/26 13:06:40+00,,,,,,,,,,,,,,,,,,,,,
3.89895,43.68275,"0","0","462",70,2025/03/26 13:06:45+00,,,,,,,,,,,,,,,,,,,,,
3.89894,43.68296,"0","0","463",71,2025/03/26 13:06:49+00,,,,,,,,,,,,,,,,,,,,,
3.89895,43.68331,"0","0","464",72,2025/03/26 13:06:55+00,,,,,,,,,,,,,,,,,,,,,
3.89899,43.68351,"0","0","465",72,2025/03/26 13:06:59+00,,,,,,,,,,,,,,,,,,,,,
3.89908,43.68379,"0","0","466",72,2025/03/26 13:07:04+00,,,,,,,,,,,,,,,,,,,,,
3.89916,43.68401,"0","0","467",72,2025/03/26 13:07:08+00,,,,,,,,,,,,,,,,,,,,,
3.89922,43.68418,"0","0","468",72,2025/03/26 13:07:11+00,,,,,,,,,,,,,,,,,,,,,
3.89944,43.68475,"0","0","469",71,2025/03/26 13:07:22+00,,,,,,,,,,,,,,,,,,,,,
3.89968,43.68551,"0","0","470",72,2025/03/26 13:07:36+00,,,,,,,,,,,,,,,,,,,,,
3.89973,43.68573,"0","0","471",72,2025/03/26 13:07:40+00,,,,,,,,,,,,,,,,,,,,,
3.89971,43.68618,"0","0","472",72,2025/03/26 13:07:48+00,,,,,,,,,,,,,,,,,,,,,
3.89966,43.68645,"0","0","473",73,2025/03/26 13:07:52+00,,,,,,,,,,,,,,,,,,,,,
3.8996,43.68662,"0","0","474",73,2025/03/26 13:07:56+00,,,,,,,,,,,,,,,,,,,,,
3.89941,43.68701,"0","0","475",74,2025/03/26 13:08:03+00,,,,,,,,,,,,,,,,,,,,,
3.8992,43.68742,"0","0","476",75,2025/03/26 13:08:11+00,,,,,,,,,,,,,,,,,,,,,
3.8991,43.68755,"0","0","477",76,2025/03/26 13:08:13+00,,,,,,,,,,,,,,,,,,,,,
3.89876,43.68792,"0","0","478",78,2025/03/26 13:08:21+00,,,,,,,,,,,,,,,,,,,,,
3.89865,43.68807,"0","0","479",78,2025/03/26 13:08:24+00,,,,,,,,,,,,,,,,,,,,,
3.89857,43.68823,"0","0","480",78,2025/03/26 13:08:27+00,,,,,,,,,,,,,,,,,,,,,
3.89853,43.68837,"0","0","481",78,2025/03/26 13:08:30+00,,,,,,,,,,,,,,,,,,,,,
3.8985,43.68882,"0","0","482",77,2025/03/26 13:08:38+00,,,,,,,,,,,,,,,,,,,,,
3.89846,43.69088,"0","0","483",75,2025/03/26 13:09:15+00,,,,,,,,,,,,,,,,,,,,,
3.89851,43.69138,"0","0","484",77,2025/03/26 13:09:23+00,,,,,,,,,,,,,,,,,,,,,
3.89855,43.69166,"0","0","485",78,2025/03/26 13:09:28+00,,,,,,,,,,,,,,,,,,,,,
3.89861,43.6919,"0","0","486",79,2025/03/26 13:09:33+00,,,,,,,,,,,,,,,,,,,,,
3.89923,43.69361,"0","0","487",85,2025/03/26 13:10:04+00,,,,,,,,,,,,,,,,,,,,,
3.89947,43.69432,"0","0","488",89,2025/03/26 13:10:17+00,,,,,,,,,,,,,,,,,,,,,
3.89948,43.69449,"0","0","489",89,2025/03/26 13:10:20+00,,,,,,,,,,,,,,,,,,,,,
3.89946,43.69467,"0","0","490",90,2025/03/26 13:10:24+00,,,,,,,,,,,,,,,,,,,,,
3.89939,43.69494,"0","0","491",91,2025/03/26 13:10:28+00,,,,,,,,,,,,,,,,,,,,,
3.89934,43.69522,"0","0","492",91,2025/03/26 13:10:33+00,,,,,,,,,,,,,,,,,,,,,
3.89932,43.69557,"0","0","493",91,2025/03/26 13:10:40+00,,,,,,,,,,,,,,,,,,,,,
3.89931,43.69591,"0","0","494",91,2025/03/26 13:10:46+00,,,,,,,,,,,,,,,,,,,,,
3.89929,43.69641,"0","0","495",95,2025/03/26 13:10:55+00,,,,,,,,,,,,,,,,,,,,,
3.89928,43.6968,"0","0","496",98,2025/03/26 13:11:02+00,,,,,,,,,,,,,,,,,,,,,
3.89926,43.69798,"0","0","497",103,2025/03/26 13:11:23+00,,,,,,,,,,,,,,,,,,,,,
3.89925,43.69807,"0","0","498",103,2025/03/26 13:11:24+00,,,,,,,,,,,,,,,,,,,,,
3.89924,43.69852,"0","0","499",103,2025/03/26 13:11:32+00,,,,,,,,,,,,,,,,,,,,,
3.89922,43.69889,"0","0","500",103,2025/03/26 13:11:39+00,,,,,,,,,,,,,,,,,,,,,
3.89923,43.6993,"0","0","501",104,2025/03/26 13:11:46+00,,,,,,,,,,,,,,,,,,,,,
3.89924,43.69984,"0","0","502",109,2025/03/26 13:11:56+00,,,,,,,,,,,,,,,,,,,,,
3.89925,43.70009,"0","0","503",111,2025/03/26 13:12:00+00,,,,,,,,,,,,,,,,,,,,,
3.89926,43.7002,"0","0","504",112,2025/03/26 13:12:02+00,,,,,,,,,,,,,,,,,,,,,
3.89931,43.70029,"0","0","505",112,2025/03/26 13:12:04+00,,,,,,,,,,,,,,,,,,,,,
3.89965,43.70079,"0","0","506",115,2025/03/26 13:12:14+00,,,,,,,,,,,,,,,,,,,,,
3.89968,43.70085,"0","0","507",115,2025/03/26 13:12:15+00,,,,,,,,,,,,,,,,,,,,,
3.89979,43.70103,"0","0","508",116,2025/03/26 13:12:18+00,,,,,,,,,,,,,,,,,,,,,
3.90007,43.70173,"0","0","509",116,2025/03/26 13:12:31+00,,,,,,,,,,,,,,,,,,,,,
3.90015,43.70197,"0","0","510",116,2025/03/26 13:12:36+00,,,,,,,,,,,,,,,,,,,,,
3.90015,43.70203,"0","0","511",116,2025/03/26 13:12:37+00,,,,,,,,,,,,,,,,,,,,,
3.90013,43.70207,"0","0","512",116,2025/03/26 13:12:38+00,,,,,,,,,,,,,,,,,,,,,
3.90012,43.70211,"0","0","513",116,2025/03/26 13:12:38+00,,,,,,,,,,,,,,,,,,,,,
3.90012,43.70228,"0","0","514",116,2025/03/26 13:12:41+00,,,,,,,,,,,,,,,,,,,,,
3.90015,43.70247,"0","0","515",115,2025/03/26 13:12:45+00,,,,,,,,,,,,,,,,,,,,,
3.90018,43.70259,"0","0","516",115,2025/03/26 13:12:47+00,,,,,,,,,,,,,,,,,,,,,
3.90021,43.7027,"0","0","517",116,2025/03/26 13:12:49+00,,,,,,,,,,,,,,,,,,,,,
3.90021,43.70274,"0","0","518",116,2025/03/26 13:12:50+00,,,,,,,,,,,,,,,,,,,,,
3.9003,43.70342,"0","0","519",118,2025/03/26 13:13:02+00,,,,,,,,,,,,,,,,,,,,,
3.90032,43.70349,"0","0","520",117,2025/03/26 13:13:03+00,,,,,,,,,,,,,,,,,,,,,
3.90045,43.70397,"0","0","521",115,2025/03/26 13:13:12+00,,,,,,,,,,,,,,,,,,,,,
3.90048,43.7041,"0","0","522",115,2025/03/26 13:13:14+00,,,,,,,,,,,,,,,,,,,,,
3.90057,43.7044,"0","0","523",114,2025/03/26 13:13:20+00,,,,,,,,,,,,,,,,,,,,,
3.90066,43.70475,"0","0","524",114,2025/03/26 13:13:26+00,,,,,,,,,,,,,,,,,,,,,
3.9007,43.70492,"0","0","525",114,2025/03/26 13:13:29+00,,,,,,,,,,,,,,,,,,,,,
3.90073,43.70508,"0","0","526",114,2025/03/26 13:13:32+00,,,,,,,,,,,,,,,,,,,,,
3.90083,43.70552,"0","0","527",110,2025/03/26 13:13:40+00,,,,,,,,,,,,,,,,,,,,,
3.90089,43.70563,"0","0","528",110,2025/03/26 13:13:42+00,,,,,,,,,,,,,,,,,,,,,
3.90095,43.70571,"0","0","529",109,2025/03/26 13:13:43+00,,,,,,,,,,,,,,,,,,,,,
3.90101,43.70573,"0","0","530",109,2025/03/26 13:13:44+00,,,,,,,,,,,,,,,,,,,,,
3.90105,43.70577,"0","0","531",109,2025/03/26 13:13:45+00,,,,,,,,,,,,,,,,,,,,,
3.90107,43.70579,"0","0","532",109,2025/03/26 13:13:46+00,,,,,,,,,,,,,,,,,,,,,
3.90108,43.70581,"0","0","533",109,2025/03/26 13:13:46+00,,,,,,,,,,,,,,,,,,,,,
3.90109,43.70586,"0","0","534",109,2025/03/26 13:13:47+00,,,,,,,,,,,,,,,,,,,,,
3.90108,43.7059,"0","0","535",109,2025/03/26 13:13:48+00,,,,,,,,,,,,,,,,,,,,,
3.90122,43.70604,"0","0","536",110,2025/03/26 13:13:51+00,,,,,,,,,,,,,,,,,,,,,
3.90133,43.70612,"0","0","537",110,2025/03/26 13:13:53+00,,,,,,,,,,,,,,,,,,,,,
3.90162,43.70636,"0","0","538",110,2025/03/26 13:13:58+00,,,,,,,,,,,,,,,,,,,,,
3.90177,43.70655,"0","0","539",111,2025/03/26 13:14:02+00,,,,,,,,,,,,,,,,,,,,,
3.90187,43.70672,"0","0","540",111,2025/03/26 13:14:06+00,,,,,,,,,,,,,,,,,,,,,
3.9022,43.70734,"0","0","541",109,2025/03/26 13:14:17+00,,,,,,,,,,,,,,,,,,,,,
3.90233,43.70769,"0","0","542",107,2025/03/26 13:14:24+00,,,,,,,,,,,,,,,,,,,,,
3.90252,43.70841,"0","0","543",104,2025/03/26 13:14:37+00,,,,,,,,,,,,,,,,,,,,,
3.90255,43.70844,"0","0","544",104,2025/03/26 13:14:38+00,,,,,,,,,,,,,,,,,,,,,
3.90262,43.70876,"0","0","545",104,2025/03/26 13:14:43+00,,,,,,,,,,,,,,,,,,,,,
3.90261,43.70881,"0","0","546",104,2025/03/26 13:14:44+00,,,,,,,,,,,,,,,,,,,,,
3.90268,43.70912,"0","0","547",104,2025/03/26 13:14:50+00,,,,,,,,,,,,,,,,,,,,,
3.90279,43.70943,"0","0","548",104,2025/03/26 13:14:55+00,,,,,,,,,,,,,,,,,,,,,
3.90291,43.70971,"0","0","549",105,2025/03/26 13:15:01+00,,,,,,,,,,,,,,,,,,,,,
3.90306,43.70999,"0","0","550",105,2025/03/26 13:15:06+00,,,,,,,,,,,,,,,,,,,,,
3.90326,43.71035,"0","0","551",105,2025/03/26 13:15:13+00,,,,,,,,,,,,,,,,,,,,,
3.90336,43.71051,"0","0","552",105,2025/03/26 13:15:16+00,,,,,,,,,,,,,,,,,,,,,
3.9037,43.71098,"0","0","553",104,2025/03/26 13:15:25+00,,,,,,,,,,,,,,,,,,,,,
3.90384,43.71117,"0","0","554",103,2025/03/26 13:15:29+00,,,,,,,,,,,,,,,,,,,,,
3.90396,43.71145,"0","0","555",103,2025/03/26 13:15:35+00,,,,,,,,,,,,,,,,,,,,,
3.90433,43.7129,"0","0","556",98,2025/03/26 13:16:01+00,,,,,,,,,,,,,,,,,,,,,
3.90444,43.71321,"0","0","557",97,2025/03/26 13:16:06+00,,,,,,,,,,,,,,,,,,,,,
3.90452,43.71339,"0","0","558",96,2025/03/26 13:16:10+00,,,,,,,,,,,,,,,,,,,,,
3.90462,43.71356,"0","0","559",95,2025/03/26 13:16:13+00,,,,,,,,,,,,,,,,,,,,,
3.90476,43.71376,"0","0","560",93,2025/03/26 13:16:17+00,,,,,,,,,,,,,,,,,,,,,
3.90509,43.71421,"0","0","561",92,2025/03/26 13:16:26+00,,,,,,,,,,,,,,,,,,,,,
3.90572,43.71506,"0","0","562",91,2025/03/26 13:16:43+00,,,,,,,,,,,,,,,,,,,,,
3.90584,43.71522,"0","0","563",91,2025/03/26 13:16:47+00,,,,,,,,,,,,,,,,,,,,,
3.90598,43.71541,"0","0","564",92,2025/03/26 13:16:50+00,,,,,,,,,,,,,,,,,,,,,
3.90607,43.71556,"0","0","565",92,2025/03/26 13:16:53+00,,,,,,,,,,,,,,,,,,,,,
3.90616,43.71574,"0","0","566",92,2025/03/26 13:16:57+00,,,,,,,,,,,,,,,,,,,,,
3.90623,43.71596,"0","0","567",92,2025/03/26 13:17:01+00,,,,,,,,,,,,,,,,,,,,,
3.90634,43.71646,"0","0","568",92,2025/03/26 13:17:10+00,,,,,,,,,,,,,,,,,,,,,
3.9064,43.71669,"0","0","569",91,2025/03/26 13:17:14+00,,,,,,,,,,,,,,,,,,,,,
3.90641,43.71683,"0","0","570",91,2025/03/26 13:17:16+00,,,,,,,,,,,,,,,,,,,,,
3.90662,43.71733,"0","0","571",92,2025/03/26 13:17:26+00,,,,,,,,,,,,,,,,,,,,,
3.90676,43.71764,"0","0","572",92,2025/03/26 13:17:31+00,,,,,,,,,,,,,,,,,,,,,
3.90692,43.71791,"0","0","573",93,2025/03/26 13:17:37+00,,,,,,,,,,,,,,,,,,,,,
3.90706,43.71811,"0","0","574",93,2025/03/26 13:17:41+00,,,,,,,,,,,,,,,,,,,,,
3.9073,43.71836,"0","0","575",94,2025/03/26 13:17:46+00,,,,,,,,,,,,,,,,,,,,,
3.90739,43.71846,"0","0","576",94,2025/03/26 13:17:48+00,,,,,,,,,,,,,,,,,,,,,
3.90761,43.71869,"0","0","577",94,2025/03/26 13:17:53+00,,,,,,,,,,,,,,,,,,,,,
3.90773,43.71885,"0","0","578",94,2025/03/26 13:17:56+00,,,,,,,,,,,,,,,,,,,,,
3.90791,43.71905,"0","0","579",94,2025/03/26 13:18:01+00,,,,,,,,,,,,,,,,,,,,,
3.90801,43.71913,"0","0","580",94,2025/03/26 13:18:03+00,,,,,,,,,,,,,,,,,,,,,
3.9081,43.71917,"0","0","581",94,2025/03/26 13:18:04+00,,,,,,,,,,,,,,,,,,,,,
3.90816,43.71918,"0","0","582",94,2025/03/26 13:18:05+00,,,,,,,,,,,,,,,,,,,,,
3.9082,43.71921,"0","0","583",94,2025/03/26 13:18:05+00,,,,,,,,,,,,,,,,,,,,,
3.90823,43.71924,"0","0","584",94,2025/03/26 13:18:06+00,,,,,,,,,,,,,,,,,,,,,
3.90825,43.71927,"0","0","585",94,2025/03/26 13:18:07+00,,,,,,,,,,,,,,,,,,,,,
3.90826,43.71931,"0","0","586",94,2025/03/26 13:18:07+00,,,,,,,,,,,,,,,,,,,,,
3.90823,43.71938,"0","0","587",94,2025/03/26 13:18:09+00,,,,,,,,,,,,,,,,,,,,,
3.90826,43.71949,"0","0","588",94,2025/03/26 13:18:11+00,,,,,,,,,,,,,,,,,,,,,
3.90835,43.71969,"0","0","589",95,2025/03/26 13:18:15+00,,,,,,,,,,,,,,,,,,,,,
3.90855,43.7199,"0","0","590",94,2025/03/26 13:18:19+00,,,,,,,,,,,,,,,,,,,,,
3.90877,43.72009,"0","0","591",94,2025/03/26 13:18:23+00,,,,,,,,,,,,,,,,,,,,,
3.90941,43.72056,"0","0","592",96,2025/03/26 13:18:35+00,,,,,,,,,,,,,,,,,,,,,
3.90954,43.72062,"0","0","593",96,2025/03/26 13:18:37+00,,,,,,,,,,,,,,,,,,,,,
3.90971,43.72076,"0","0","594",97,2025/03/26 13:18:40+00,,,,,,,,,,,,,,,,,,,,,
3.90987,43.7209,"0","0","595",97,2025/03/26 13:18:44+00,,,,,,,,,,,,,,,,,,,,,
3.90992,43.72097,"0","0","596",98,2025/03/26 13:18:45+00,,,,,,,,,,,,,,,,,,,,,
3.91001,43.72108,"0","0","597",98,2025/03/26 13:18:47+00,,,,,,,,,,,,,,,,,,,,,
3.91003,43.72111,"0","0","598",98,2025/03/26 13:18:48+00,,,,,,,,,,,,,,,,,,,,,
3.9102,43.72132,"0","0","599",99,2025/03/26 13:18:52+00,,,,,,,,,,,,,,,,,,,,,
3.91031,43.72149,"0","0","600",100,2025/03/26 13:18:56+00,,,,,,,,,,,,,,,,,,,,,
3.91039,43.72165,"0","0","601",100,2025/03/26 13:18:59+00,,,,,,,,,,,,,,,,,,,,,
3.91045,43.7218,"0","0","602",100,2025/03/26 13:19:01+00,,,,,,,,,,,,,,,,,,,,,
3.91102,43.72277,"0","0","603",102,2025/03/26 13:19:20+00,,,,,,,,,,,,,,,,,,,,,
3.91149,43.72353,"0","0","604",103,2025/03/26 13:19:35+00,,,,,,,,,,,,,,,,,,,,,
3.91168,43.72381,"0","0","605",103,2025/03/26 13:19:41+00,,,,,,,,,,,,,,,,,,,,,
3.91178,43.72402,"0","0","606",103,2025/03/26 13:19:45+00,,,,,,,,,,,,,,,,,,,,,
3.91225,43.72479,"0","0","607",105,2025/03/26 13:19:59+00,,,,,,,,,,,,,,,,,,,,,
3.91238,43.72503,"0","0","608",106,2025/03/26 13:20:04+00,,,,,,,,,,,,,,,,,,,,,
3.91247,43.72527,"0","0","609",106,2025/03/26 13:20:09+00,,,,,,,,,,,,,,,,,,,,,
3.91253,43.72553,"0","0","610",105,2025/03/26 13:20:13+00,,,,,,,,,,,,,,,,,,,,,
3.91317,43.72782,"0","0","611",107,2025/03/26 13:20:55+00,,,,,,,,,,,,,,,,,,,,,
3.91343,43.72884,"0","0","612",109,2025/03/26 13:21:13+00,,,,,,,,,,,,,,,,,,,,,
3.91345,43.72906,"0","0","613",109,2025/03/26 13:21:17+00,,,,,,,,,,,,,,,,,,,,,
3.91328,43.73052,"0","0","614",110,2025/03/26 13:21:43+00,,,,,,,,,,,,,,,,,,,,,
3.91325,43.73081,"0","0","615",111,2025/03/26 13:21:48+00,,,,,,,,,,,,,,,,,,,,,
3.91309,43.73228,"0","0","616",116,2025/03/26 13:22:15+00,,,,,,,,,,,,,,,,,,,,,
3.91302,43.73256,"0","0","617",117,2025/03/26 13:22:20+00,,,,,,,,,,,,,,,,,,,,,
3.91297,43.73276,"0","0","618",117,2025/03/26 13:22:23+00,,,,,,,,,,,,,,,,,,,,,
3.91254,43.73387,"0","0","619",120,2025/03/26 13:22:44+00,,,,,,,,,,,,,,,,,,,,,
3.91215,43.73483,"0","0","620",122,2025/03/26 13:23:02+00,,,,,,,,,,,,,,,,,,,,,
3.91208,43.73504,"0","0","621",123,2025/03/26 13:23:05+00,,,,,,,,,,,,,,,,,,,,,
3.91204,43.7352,"0","0","622",123,2025/03/26 13:23:08+00,,,,,,,,,,,,,,,,,,,,,
3.91201,43.73537,"0","0","623",123,2025/03/26 13:23:11+00,,,,,,,,,,,,,,,,,,,,,
3.912,43.73567,"0","0","624",123,2025/03/26 13:23:17+00,,,,,,,,,,,,,,,,,,,,,
3.91199,43.73576,"0","0","625",122,2025/03/26 13:23:18+00,,,,,,,,,,,,,,,,,,,,,
3.91188,43.73596,"0","0","626",123,2025/03/26 13:23:22+00,,,,,,,,,,,,,,,,,,,,,
3.91177,43.73608,"0","0","627",123,2025/03/26 13:23:25+00,,,,,,,,,,,,,,,,,,,,,
3.91089,43.73685,"0","0","628",121,2025/03/26 13:23:42+00,,,,,,,,,,,,,,,,,,,,,
3.91087,43.73687,"0","0","629",121,2025/03/26 13:23:43+00,,,,,,,,,,,,,,,,,,,,,
3.90971,43.73789,"0","0","630",125,2025/03/26 13:24:06+00,,,,,,,,,,,,,,,,,,,,,
3.90945,43.73811,"0","0","631",125,2025/03/26 13:24:12+00,,,,,,,,,,,,,,,,,,,,,
3.90928,43.73826,"0","0","632",126,2025/03/26 13:24:15+00,,,,,,,,,,,,,,,,,,,,,
3.90877,43.73874,"0","0","633",126,2025/03/26 13:24:26+00,,,,,,,,,,,,,,,,,,,,,
3.90836,43.73918,"0","0","634",127,2025/03/26 13:24:35+00,,,,,,,,,,,,,,,,,,,,,
3.90821,43.73936,"0","0","635",127,2025/03/26 13:24:39+00,,,,,,,,,,,,,,,,,,,,,
3.90812,43.73946,"0","0","636",127,2025/03/26 13:24:41+00,,,,,,,,,,,,,,,,,,,,,
3.90792,43.73972,"0","0","637",127,2025/03/26 13:24:46+00,,,,,,,,,,,,,,,,,,,,,
3.90765,43.74009,"0","0","638",127,2025/03/26 13:24:54+00,,,,,,,,,,,,,,,,,,,,,
3.90742,43.74046,"0","0","639",127,2025/03/26 13:25:01+00,,,,,,,,,,,,,,,,,,,,,
3.90717,43.74091,"0","0","640",127,2025/03/26 13:25:10+00,,,,,,,,,,,,,,,,,,,,,
3.90702,43.74121,"0","0","641",128,2025/03/26 13:25:15+00,,,,,,,,,,,,,,,,,,,,,
3.90692,43.74141,"0","0","642",128,2025/03/26 13:25:19+00,,,,,,,,,,,,,,,,,,,,,
3.90666,43.7421,"0","0","643",130,2025/03/26 13:25:32+00,,,,,,,,,,,,,,,,,,,,,
3.90647,43.7428,"0","0","644",131,2025/03/26 13:25:45+00,,,,,,,,,,,,,,,,,,,,,
3.90644,43.74294,"0","0","645",131,2025/03/26 13:25:47+00,,,,,,,,,,,,,,,,,,,,,
3.90642,43.74308,"0","0","646",131,2025/03/26 13:25:50+00,,,,,,,,,,,,,,,,,,,,,
3.9064,43.74322,"0","0","647",131,2025/03/26 13:25:52+00,,,,,,,,,,,,,,,,,,,,,
3.90633,43.74384,"0","0","648",131,2025/03/26 13:26:03+00,,,,,,,,,,,,,,,,,,,,,
3.90632,43.74427,"0","0","649",131,2025/03/26 13:26:11+00,,,,,,,,,,,,,,,,,,,,,
3.90633,43.74468,"0","0","650",131,2025/03/26 13:26:18+00,,,,,,,,,,,,,,,,,,,,,
3.90653,43.74675,"0","0","651",132,2025/03/26 13:26:55+00,,,,,,,,,,,,,,,,,,,,,
3.90659,43.74741,"0","0","652",131,2025/03/26 13:27:07+00,,,,,,,,,,,,,,,,,,,,,
3.90665,43.74815,"0","0","653",130,2025/03/26 13:27:20+00,,,,,,,,,,,,,,,,,,,,,
3.90666,43.74831,"0","0","654",130,2025/03/26 13:27:23+00,,,,,,,,,,,,,,,,,,,,,
3.90672,43.74885,"0","0","655",131,2025/03/26 13:27:32+00,,,,,,,,,,,,,,,,,,,,,
3.90692,43.75091,"0","0","656",133,2025/03/26 13:28:09+00,,,,,,,,,,,,,,,,,,,,,
3.90703,43.75218,"0","0","657",130,2025/03/26 13:28:32+00,,,,,,,,,,,,,,,,,,,,,
3.90705,43.75234,"0","0","658",129,2025/03/26 13:28:35+00,,,,,,,,,,,,,,,,,,,,,
3.9071,43.75273,"0","0","659",129,2025/03/26 13:28:42+00,,,,,,,,,,,,,,,,,,,,,
3.90719,43.75372,"0","0","660",129,2025/03/26 13:28:59+00,,,,,,,,,,,,,,,,,,,,,
3.9072,43.75388,"0","0","661",129,2025/03/26 13:29:02+00,,,,,,,,,,,,,,,,,,,,,
3.90735,43.75538,"0","0","662",133,2025/03/26 13:29:29+00,,,,,,,,,,,,,,,,,,,,,
3.90749,43.75677,"0","0","663",131,2025/03/26 13:29:54+00,,,,,,,,,,,,,,,,,,,,,
3.90758,43.75785,"0","0","664",129,2025/03/26 13:30:13+00,,,,,,,,,,,,,,,,,,,,,
3.90769,43.75885,"0","0","665",129,2025/03/26 13:30:31+00,,,,,,,,,,,,,,,,,,,,,
3.90792,43.76138,"0","0","666",125,2025/03/26 13:31:16+00,,,,,,,,,,,,,,,,,,,,,
3.90819,43.76419,"0","0","667",120,2025/03/26 13:32:06+00,,,,,,,,,,,,,,,,,,,,,
3.90827,43.76506,"0","0","668",118,2025/03/26 13:32:22+00,,,,,,,,,,,,,,,,,,,,,
3.90837,43.76618,"0","0","669",118,2025/03/26 13:32:42+00,,,,,,,,,,,,,,,,,,,,,
3.90839,43.76638,"0","0","670",118,2025/03/26 13:32:45+00,,,,,,,,,,,,,,,,,,,,,
3.90841,43.7666,"0","0","671",118,2025/03/26 13:32:49+00,,,,,,,,,,,,,,,,,,,,,
3.90846,43.76713,"0","0","672",118,2025/03/26 13:32:58+00,,,,,,,,,,,,,,,,,,,,,
3.90848,43.76729,"0","0","673",118,2025/03/26 13:33:01+00,,,,,,,,,,,,,,,,,,,,,
3.90853,43.76787,"0","0","674",117,2025/03/26 13:33:12+00,,,,,,,,,,,,,,,,,,,,,
3.90856,43.76822,"0","0","675",117,2025/03/26 13:33:18+00,,,,,,,,,,,,,,,,,,,,,
3.90873,43.76994,"0","0","676",116,2025/03/26 13:33:49+00,,,,,,,,,,,,,,,,,,,,,
3.90879,43.77027,"0","0","677",116,2025/03/26 13:33:55+00,,,,,,,,,,,,,,,,,,,,,
3.90894,43.77095,"0","0","678",116,2025/03/26 13:34:07+00,,,,,,,,,,,,,,,,,,,,,
3.90894,43.77132,"0","0","679",116,2025/03/26 13:34:13+00,,,,,,,,,,,,,,,,,,,,,
3.90889,43.77192,"0","0","680",116,2025/03/26 13:34:24+00,,,,,,,,,,,,,,,,,,,,,
3.90888,43.77225,"0","0","681",116,2025/03/26 13:34:30+00,,,,,,,,,,,,,,,,,,,,,
3.90884,43.77251,"0","0","682",116,2025/03/26 13:34:35+00,,,,,,,,,,,,,,,,,,,,,
3.9088,43.77268,"0","0","683",116,2025/03/26 13:34:38+00,,,,,,,,,,,,,,,,,,,,,
3.90862,43.77306,"0","0","684",115,2025/03/26 13:34:45+00,,,,,,,,,,,,,,,,,,,,,
3.90856,43.77315,"0","0","685",114,2025/03/26 13:34:47+00,,,,,,,,,,,,,,,,,,,,,
3.90854,43.77326,"0","0","686",114,2025/03/26 13:34:49+00,,,,,,,,,,,,,,,,,,,,,
3.90848,43.77348,"0","0","687",114,2025/03/26 13:34:53+00,,,,,,,,,,,,,,,,,,,,,
3.90846,43.77353,"0","0","688",114,2025/03/26 13:34:53+00,,,,,,,,,,,,,,,,,,,,,
3.9084,43.77367,"0","0","689",114,2025/03/26 13:34:56+00,,,,,,,,,,,,,,,,,,,,,
3.90812,43.77406,"0","0","690",113,2025/03/26 13:35:04+00,,,,,,,,,,,,,,,,,,,,,
3.90805,43.77414,"0","0","691",113,2025/03/26 13:35:06+00,,,,,,,,,,,,,,,,,,,,,
3.90795,43.77426,"0","0","692",112,2025/03/26 13:35:08+00,,,,,,,,,,,,,,,,,,,,,
3.90776,43.77448,"0","0","693",111,2025/03/26 13:35:13+00,,,,,,,,,,,,,,,,,,,,,
3.90763,43.77462,"0","0","694",111,2025/03/26 13:35:16+00,,,,,,,,,,,,,,,,,,,,,
3.90744,43.77483,"0","0","695",111,2025/03/26 13:35:20+00,,,,,,,,,,,,,,,,,,,,,
3.90738,43.77494,"0","0","696",110,2025/03/26 13:35:22+00,,,,,,,,,,,,,,,,,,,,,
3.90732,43.77518,"0","0","697",110,2025/03/26 13:35:27+00,,,,,,,,,,,,,,,,,,,,,
3.9073,43.77537,"0","0","698",111,2025/03/26 13:35:30+00,,,,,,,,,,,,,,,,,,,,,
3.90732,43.77554,"0","0","699",111,2025/03/26 13:35:33+00,,,,,,,,,,,,,,,,,,,,,
3.90737,43.7758,"0","0","700",110,2025/03/26 13:35:38+00,,,,,,,,,,,,,,,,,,,,,
3.90741,43.77601,"0","0","701",110,2025/03/26 13:35:41+00,,,,,,,,,,,,,,,,,,,,,
3.90746,43.77621,"0","0","702",110,2025/03/26 13:35:45+00,,,,,,,,,,,,,,,,,,,,,
3.90749,43.77633,"0","0","703",109,2025/03/26 13:35:47+00,,,,,,,,,,,,,,,,,,,,,
3.90775,43.77754,"0","0","704",107,2025/03/26 13:36:09+00,,,,,,,,,,,,,,,,,,,,,
3.90784,43.77782,"0","0","705",108,2025/03/26 13:36:14+00,,,,,,,,,,,,,,,,,,,,,
3.90797,43.77812,"0","0","706",109,2025/03/26 13:36:20+00,,,,,,,,,,,,,,,,,,,,,
3.90828,43.77874,"0","0","707",109,2025/03/26 13:36:31+00,,,,,,,,,,,,,,,,,,,,,
3.9083,43.77884,"0","0","708",108,2025/03/26 13:36:33+00,,,,,,,,,,,,,,,,,,,,,
3.90832,43.7793,"0","0","709",109,2025/03/26 13:36:41+00,,,,,,,,,,,,,,,,,,,,,
3.90834,43.7794,"0","0","710",110,2025/03/26 13:36:43+00,,,,,,,,,,,,,,,,,,,,,
3.90834,43.77946,"0","0","711",110,2025/03/26 13:36:44+00,,,,,,,,,,,,,,,,,,,,,
3.90832,43.77954,"0","0","712",111,2025/03/26 13:36:46+00,,,,,,,,,,,,,,,,,,,,,
3.90879,43.77964,"0","0","713",110,2025/03/26 13:36:52+00,,,,,,,,,,,,,,,,,,,,,
3.90888,43.77968,"0","0","714",110,2025/03/26 13:36:53+00,,,,,,,,,,,,,,,,,,,,,
3.90933,43.77979,"0","0","715",109,2025/03/26 13:37:00+00,,,,,,,,,,,,,,,,,,,,,
3.90933,43.77982,"0","0","716",109,2025/03/26 13:37:00+00,,,,,,,,,,,,,,,,,,,,,
3.90929,43.77987,"0","0","717",110,2025/03/26 13:37:01+00,,,,,,,,,,,,,,,,,,,,,
3.90921,43.78001,"0","0","718",110,2025/03/26 13:37:04+00,,,,,,,,,,,,,,,,,,,,,
3.90929,43.78052,"0","0","719",110,2025/03/26 13:37:13+00,,,,,,,,,,,,,,,,,,,,,
3.90969,43.78296,"0","0","720",107,2025/03/26 13:37:57+00,,,,,,,,,,,,,,,,,,,,,
3.90982,43.78364,"0","0","721",107,2025/03/26 13:38:09+00,,,,,,,,,,,,,,,,,,,,,
3.9098,43.78375,"0","0","722",106,2025/03/26 13:38:11+00,,,,,,,,,,,,,,,,,,,,,
3.90918,43.78564,"0","0","723",103,2025/03/26 13:38:45+00,,,,,,,,,,,,,,,,,,,,,
3.90901,43.78615,"0","0","724",103,2025/03/26 13:38:55+00,,,,,,,,,,,,,,,,,,,,,
3.90897,43.78641,"0","0","725",102,2025/03/26 13:38:59+00,,,,,,,,,,,,,,,,,,,,,
3.909,43.78658,"0","0","726",102,2025/03/26 13:39:02+00,,,,,,,,,,,,,,,,,,,,,
3.90907,43.78678,"0","0","727",102,2025/03/26 13:39:06+00,,,,,,,,,,,,,,,,,,,,,
3.90932,43.78713,"0","0","728",102,2025/03/26 13:39:13+00,,,,,,,,,,,,,,,,,,,,,
3.9094,43.78724,"0","0","729",102,2025/03/26 13:39:15+00,,,,,,,,,,,,,,,,,,,,,
3.90956,43.78747,"0","0","730",102,2025/03/26 13:39:20+00,,,,,,,,,,,,,,,,,,,,,
3.90963,43.78764,"0","0","731",102,2025/03/26 13:39:23+00,,,,,,,,,,,,,,,,,,,,,
3.90966,43.7878,"0","0","732",102,2025/03/26 13:39:26+00,,,,,,,,,,,,,,,,,,,,,
3.90967,43.78788,"0","0","733",102,2025/03/26 13:39:27+00,,,,,,,,,,,,,,,,,,,,,
3.90976,43.78848,"0","0","734",103,2025/03/26 13:39:38+00,,,,,,,,,,,,,,,,,,,,,
3.90983,43.78894,"0","0","735",102,2025/03/26 13:39:46+00,,,,,,,,,,,,,,,,,,,,,
3.91003,43.79035,"0","0","736",105,2025/03/26 13:40:12+00,,,,,,,,,,,,,,,,,,,,,
3.91007,43.79084,"0","0","737",105,2025/03/26 13:40:20+00,,,,,,,,,,,,,,,,,,,,,
3.91018,43.79117,"0","0","738",105,2025/03/26 13:40:26+00,,,,,,,,,,,,,,,,,,,,,
3.91038,43.79152,"0","0","739",105,2025/03/26 13:40:33+00,,,,,,,,,,,,,,,,,,,,,
3.91063,43.79175,"0","0","740",105,2025/03/26 13:40:38+00,,,,,,,,,,,,,,,,,,,,,
3.91204,43.79319,"0","0","741",108,2025/03/26 13:41:10+00,,,,,,,,,,,,,,,,,,,,,
3.91266,43.79368,"0","0","742",108,2025/03/26 13:41:21+00,,,,,,,,,,,,,,,,,,,,,
3.91268,43.7937,"0","0","743",108,2025/03/26 13:41:22+00,,,,,,,,,,,,,,,,,,,,,
3.91274,43.79376,"0","0","744",108,2025/03/26 13:41:23+00,,,,,,,,,,,,,,,,,,,,,
3.91282,43.79385,"0","0","745",108,2025/03/26 13:41:25+00,,,,,,,,,,,,,,,,,,,,,
3.91304,43.79408,"0","0","746",109,2025/03/26 13:41:30+00,,,,,,,,,,,,,,,,,,,,,
3.91324,43.79434,"0","0","747",109,2025/03/26 13:41:35+00,,,,,,,,,,,,,,,,,,,,,
3.91347,43.79465,"0","0","748",110,2025/03/26 13:41:42+00,,,,,,,,,,,,,,,,,,,,,
3.91352,43.7947,"0","0","749",110,2025/03/26 13:41:43+00,,,,,,,,,,,,,,,,,,,,,
3.91399,43.79543,"0","0","750",112,2025/03/26 13:41:57+00,,,,,,,,,,,,,,,,,,,,,
3.91438,43.79598,"0","0","751",112,2025/03/26 13:42:08+00,,,,,,,,,,,,,,,,,,,,,
3.91456,43.79624,"0","0","752",111,2025/03/26 13:42:13+00,,,,,,,,,,,,,,,,,,,,,
3.91483,43.79659,"0","0","753",110,2025/03/26 13:42:20+00,,,,,,,,,,,,,,,,,,,,,
3.91531,43.79708,"0","0","754",110,2025/03/26 13:42:31+00,,,,,,,,,,,,,,,,,,,,,
3.91573,43.79745,"0","0","755",110,2025/03/26 13:42:39+00,,,,,,,,,,,,,,,,,,,,,
3.91625,43.79806,"0","0","756",110,2025/03/26 13:42:52+00,,,,,,,,,,,,,,,,,,,,,
3.91682,43.79867,"0","0","757",109,2025/03/26 13:43:05+00,,,,,,,,,,,,,,,,,,,,,
3.91705,43.79885,"0","0","758",109,2025/03/26 13:43:10+00,,,,,,,,,,,,,,,,,,,,,
3.91774,43.79933,"0","0","759",110,2025/03/26 13:43:22+00,,,,,,,,,,,,,,,,,,,,,
3.91806,43.79954,"0","0","760",112,2025/03/26 13:43:28+00,,,,,,,,,,,,,,,,,,,,,
3.91845,43.79973,"0","0","761",112,2025/03/26 13:43:34+00,,,,,,,,,,,,,,,,,,,,,
3.91859,43.79982,"0","0","762",112,2025/03/26 13:43:36+00,,,,,,,,,,,,,,,,,,,,,
3.9196,43.80075,"0","0","763",112,2025/03/26 13:43:57+00,,,,,,,,,,,,,,,,,,,,,
3.92052,43.80149,"0","0","764",111,2025/03/26 13:44:15+00,,,,,,,,,,,,,,,,,,,,,
3.92063,43.80158,"0","0","765",110,2025/03/26 13:44:17+00,,,,,,,,,,,,,,,,,,,,,
3.92081,43.80173,"0","0","766",110,2025/03/26 13:44:20+00,,,,,,,,,,,,,,,,,,,,,
3.92134,43.80216,"0","0","767",114,2025/03/26 13:44:31+00,,,,,,,,,,,,,,,,,,,,,
3.92159,43.80232,"0","0","768",115,2025/03/26 13:44:35+00,,,,,,,,,,,,,,,,,,,,,
3.92323,43.80323,"0","0","769",126,2025/03/26 13:45:01+00,,,,,,,,,,,,,,,,,,,,,
3.92343,43.80336,"0","0","770",127,2025/03/26 13:45:05+00,,,,,,,,,,,,,,,,,,,,,
3.92356,43.80348,"0","0","771",128,2025/03/26 13:45:08+00,,,,,,,,,,,,,,,,,,,,,
3.92424,43.80424,"0","0","772",133,2025/03/26 13:45:24+00,,,,,,,,,,,,,,,,,,,,,
3.92448,43.80444,"0","0","773",134,2025/03/26 13:45:28+00,,,,,,,,,,,,,,,,,,,,,
3.92471,43.80456,"0","0","774",135,2025/03/26 13:45:32+00,,,,,,,,,,,,,,,,,,,,,
3.92519,43.80479,"0","0","775",136,2025/03/26 13:45:39+00,,,,,,,,,,,,,,,,,,,,,
3.9258,43.80504,"0","0","776",137,2025/03/26 13:45:48+00,,,,,,,,,,,,,,,,,,,,,
3.92596,43.80512,"0","0","777",137,2025/03/26 13:45:51+00,,,,,,,,,,,,,,,,,,,,,
3.92607,43.80521,"0","0","778",137,2025/03/26 13:45:53+00,,,,,,,,,,,,,,,,,,,,,
3.92613,43.80529,"0","0","779",136,2025/03/26 13:45:55+00,,,,,,,,,,,,,,,,,,,,,
3.92663,43.80613,"0","0","780",134,2025/03/26 13:46:11+00,,,,,,,,,,,,,,,,,,,,,
3.92689,43.80659,"0","0","781",135,2025/03/26 13:46:20+00,,,,,,,,,,,,,,,,,,,,,
3.927,43.80673,"0","0","782",135,2025/03/26 13:46:23+00,,,,,,,,,,,,,,,,,,,,,
3.92711,43.80684,"0","0","783",135,2025/03/26 13:46:25+00,,,,,,,,,,,,,,,,,,,,,
3.92742,43.80712,"0","0","784",133,2025/03/26 13:46:32+00,,,,,,,,,,,,,,,,,,,,,
3.92763,43.80728,"0","0","785",133,2025/03/26 13:46:35+00,,,,,,,,,,,,,,,,,,,,,
3.92787,43.80743,"0","0","786",133,2025/03/26 13:46:40+00,,,,,,,,,,,,,,,,,,,,,
3.92817,43.80758,"0","0","787",132,2025/03/26 13:46:44+00,,,,,,,,,,,,,,,,,,,,,
3.9283,43.80767,"0","0","788",132,2025/03/26 13:46:47+00,,,,,,,,,,,,,,,,,,,,,
3.92844,43.80779,"0","0","789",133,2025/03/26 13:46:49+00,,,,,,,,,,,,,,,,,,,,,
3.92996,43.80936,"0","0","790",139,2025/03/26 13:47:23+00,,,,,,,,,,,,,,,,,,,,,
3.93049,43.80983,"0","0","791",137,2025/03/26 13:47:34+00,,,,,,,,,,,,,,,,,,,,,
3.93067,43.81001,"0","0","792",135,2025/03/26 13:47:38+00,,,,,,,,,,,,,,,,,,,,,
3.93099,43.81043,"0","0","793",135,2025/03/26 13:47:47+00,,,,,,,,,,,,,,,,,,,,,
3.93116,43.81063,"0","0","794",135,2025/03/26 13:47:51+00,,,,,,,,,,,,,,,,,,,,,
3.92958,43.81128,"0","0","795",140,2025/03/26 13:48:14+00,,,,,,,,,,,,,,,,,,,,,
3.92716,43.81216,"0","0","796",150,2025/03/26 13:48:49+00,,,,,,,,,,,,,,,,,,,,,
3.92667,43.8123,"0","0","797",152,2025/03/26 13:48:56+00,,,,,,,,,,,,,,,,,,,,,
3.92604,43.81246,"0","0","798",154,2025/03/26 13:49:04+00,,,,,,,,,,,,,,,,,,,,,
3.92588,43.81252,"0","0","799",155,2025/03/26 13:49:07+00,,,,,,,,,,,,,,,,,,,,,
3.92572,43.81255,"0","0","800",156,2025/03/26 13:49:09+00,,,,,,,,,,,,,,,,,,,,,
3.92558,43.81256,"0","0","801",157,2025/03/26 13:49:11+00,,,,,,,,,,,,,,,,,,,,,
3.92545,43.81256,"0","0","802",158,2025/03/26 13:49:12+00,,,,,,,,,,,,,,,,,,,,,
3.92532,43.81251,"0","0","803",158,2025/03/26 13:49:14+00,,,,,,,,,,,,,,,,,,,,,
3.92493,43.81226,"0","0","804",158,2025/03/26 13:49:21+00,,,,,,,,,,,,,,,,,,,,,
3.92478,43.8122,"0","0","805",159,2025/03/26 13:49:23+00,,,,,,,,,,,,,,,,,,,,,
3.92468,43.81219,"0","0","806",160,2025/03/26 13:49:24+00,,,,,,,,,,,,,,,,,,,,,
3.92457,43.81223,"0","0","807",162,2025/03/26 13:49:26+00,,,,,,,,,,,,,,,,,,,,,
3.92452,43.81228,"0","0","808",163,2025/03/26 13:49:27+00,,,,,,,,,,,,,,,,,,,,,
3.9245,43.81238,"0","0","809",164,2025/03/26 13:49:29+00,,,,,,,,,,,,,,,,,,,,,
3.92451,43.81247,"0","0","810",165,2025/03/26 13:49:30+00,,,,,,,,,,,,,,,,,,,,,
3.92455,43.81257,"0","0","811",165,2025/03/26 13:49:32+00,,,,,,,,,,,,,,,,,,,,,
3.92462,43.81267,"0","0","812",165,2025/03/26 13:49:34+00,,,,,,,,,,,,,,,,,,,,,
3.92477,43.81285,"0","0","813",164,2025/03/26 13:49:38+00,,,,,,,,,,,,,,,,,,,,,
3.92488,43.81301,"0","0","814",165,2025/03/26 13:49:41+00,,,,,,,,,,,,,,,,,,,,,
3.92492,43.81309,"0","0","815",165,2025/03/26 13:49:43+00,,,,,,,,,,,,,,,,,,,,,
3.92494,43.81317,"0","0","816",166,2025/03/26 13:49:44+00,,,,,,,,,,,,,,,,,,,,,
3.92471,43.81386,"0","0","817",167,2025/03/26 13:49:57+00,,,,,,,,,,,,,,,,,,,,,
3.92465,43.81395,"0","0","818",167,2025/03/26 13:49:59+00,,,,,,,,,,,,,,,,,,,,,
3.92459,43.814,"0","0","819",166,2025/03/26 13:50:00+00,,,,,,,,,,,,,,,,,,,,,
3.92448,43.81409,"0","0","820",165,2025/03/26 13:50:02+00,,,,,,,,,,,,,,,,,,,,,
3.9242,43.81427,"0","0","821",163,2025/03/26 13:50:07+00,,,,,,,,,,,,,,,,,,,,,
3.92387,43.81445,"0","0","822",161,2025/03/26 13:50:12+00,,,,,,,,,,,,,,,,,,,,,
3.92368,43.81453,"0","0","823",160,2025/03/26 13:50:15+00,,,,,,,,,,,,,,,,,,,,,
3.92326,43.81467,"0","0","824",156,2025/03/26 13:50:21+00,,,,,,,,,,,,,,,,,,,,,
3.92279,43.81481,"0","0","825",153,2025/03/26 13:50:27+00,,,,,,,,,,,,,,,,,,,,,
3.92265,43.81488,"0","0","826",151,2025/03/26 13:50:29+00,,,,,,,,,,,,,,,,,,,,,
3.92254,43.81496,"0","0","827",150,2025/03/26 13:50:31+00,,,,,,,,,,,,,,,,,,,,,
3.92242,43.81509,"0","0","828",149,2025/03/26 13:50:34+00,,,,,,,,,,,,,,,,,,,,,
3.92236,43.81527,"0","0","829",148,2025/03/26 13:50:38+00,,,,,,,,,,,,,,,,,,,,,
3.92224,43.81603,"0","0","830",143,2025/03/26 13:50:51+00,,,,,,,,,,,,,,,,,,,,,
3.92219,43.81625,"0","0","831",141,2025/03/26 13:50:55+00,,,,,,,,,,,,,,,,,,,,,
3.92204,43.81669,"0","0","832",137,2025/03/26 13:51:03+00,,,,,,,,,,,,,,,,,,,,,
3.92192,43.81715,"0","0","833",134,2025/03/26 13:51:11+00,,,,,,,,,,,,,,,,,,,,,
3.92142,43.8186,"0","0","834",126,2025/03/26 13:51:38+00,,,,,,,,,,,,,,,,,,,,,
3.92136,43.81883,"0","0","835",125,2025/03/26 13:51:42+00,,,,,,,,,,,,,,,,,,,,,
3.92136,43.81948,"0","0","836",122,2025/03/26 13:51:54+00,,,,,,,,,,,,,,,,,,,,,
3.92132,43.82015,"0","0","837",119,2025/03/26 13:52:06+00,,,,,,,,,,,,,,,,,,,,,
3.92117,43.82069,"0","0","838",117,2025/03/26 13:52:16+00,,,,,,,,,,,,,,,,,,,,,
3.92109,43.82092,"0","0","839",116,2025/03/26 13:52:20+00,,,,,,,,,,,,,,,,,,,,,
3.92109,43.821,"0","0","840",115,2025/03/26 13:52:21+00,,,,,,,,,,,,,,,,,,,,,
3.92106,43.82112,"0","0","841",114,2025/03/26 13:52:23+00,,,,,,,,,,,,,,,,,,,,,
3.92097,43.82138,"0","0","842",112,2025/03/26 13:52:28+00,,,,,,,,,,,,,,,,,,,,,
3.92085,43.82162,"0","0","843",110,2025/03/26 13:52:33+00,,,,,,,,,,,,,,,,,,,,,
3.92078,43.82175,"0","0","844",110,2025/03/26 13:52:35+00,,,,,,,,,,,,,,,,,,,,,
3.92069,43.82187,"0","0","845",110,2025/03/26 13:52:38+00,,,,,,,,,,,,,,,,,,,,,
3.92057,43.82216,"0","0","846",110,2025/03/26 13:52:43+00,,,,,,,,,,,,,,,,,,,,,
3.92054,43.82234,"0","0","847",110,2025/03/26 13:52:46+00,,,,,,,,,,,,,,,,,,,,,
3.92052,43.82331,"0","0","848",112,2025/03/26 13:53:03+00,,,,,,,,,,,,,,,,,,,,,
3.92046,43.82364,"0","0","849",112,2025/03/26 13:53:09+00,,,,,,,,,,,,,,,,,,,,,
3.92036,43.82405,"0","0","850",113,2025/03/26 13:53:17+00,,,,,,,,,,,,,,,,,,,,,
3.92035,43.82423,"0","0","851",113,2025/03/26 13:53:20+00,,,,,,,,,,,,,,,,,,,,,
3.92036,43.82439,"0","0","852",114,2025/03/26 13:53:23+00,,,,,,,,,,,,,,,,,,,,,
3.92038,43.82476,"0","0","853",114,2025/03/26 13:53:29+00,,,,,,,,,,,,,,,,,,,,,
3.92038,43.82511,"0","0","854",114,2025/03/26 13:53:36+00,,,,,,,,,,,,,,,,,,,,,
3.92036,43.82558,"0","0","855",114,2025/03/26 13:53:44+00,,,,,,,,,,,,,,,,,,,,,
3.92031,43.82605,"0","0","856",114,2025/03/26 13:53:52+00,,,,,,,,,,,,,,,,,,,,,
3.92019,43.82681,"0","0","857",115,2025/03/26 13:54:06+00,,,,,,,,,,,,,,,,,,,,,
3.92016,43.82695,"0","0","858",115,2025/03/26 13:54:09+00,,,,,,,,,,,,,,,,,,,,,
3.92013,43.82707,"0","0","859",115,2025/03/26 13:54:11+00,,,,,,,,,,,,,,,,,,,,,
3.92001,43.82732,"0","0","860",115,2025/03/26 13:54:15+00,,,,,,,,,,,,,,,,,,,,,
3.91995,43.8274,"0","0","861",115,2025/03/26 13:54:17+00,,,,,,,,,,,,,,,,,,,,,
3.91988,43.82748,"0","0","862",115,2025/03/26 13:54:19+00,,,,,,,,,,,,,,,,,,,,,
3.91978,43.82755,"0","0","863",115,2025/03/26 13:54:20+00,,,,,,,,,,,,,,,,,,,,,
3.91966,43.82761,"0","0","864",116,2025/03/26 13:54:22+00,,,,,,,,,,,,,,,,,,,,,
3.91914,43.82777,"0","0","865",117,2025/03/26 13:54:30+00,,,,,,,,,,,,,,,,,,,,,
3.91905,43.8278,"0","0","866",117,2025/03/26 13:54:31+00,,,,,,,,,,,,,,,,,,,,,
3.91902,43.82783,"0","0","867",117,2025/03/26 13:54:32+00,,,,,,,,,,,,,,,,,,,,,
3.919,43.82786,"0","0","868",117,2025/03/26 13:54:32+00,,,,,,,,,,,,,,,,,,,,,
3.91888,43.82812,"0","0","869",117,2025/03/26 13:54:37+00,,,,,,,,,,,,,,,,,,,,,
3.91878,43.82836,"0","0","870",116,2025/03/26 13:54:41+00,,,,,,,,,,,,,,,,,,,,,
3.91876,43.82843,"0","0","871",117,2025/03/26 13:54:43+00,,,,,,,,,,,,,,,,,,,,,
3.91877,43.82849,"0","0","872",117,2025/03/26 13:54:44+00,,,,,,,,,,,,,,,,,,,,,
3.91881,43.82861,"0","0","873",117,2025/03/26 13:54:46+00,,,,,,,,,,,,,,,,,,,,,
3.91885,43.82865,"0","0","874",117,2025/03/26 13:54:47+00,,,,,,,,,,,,,,,,,,,,,
3.9189,43.8287,"0","0","875",117,2025/03/26 13:54:48+00,,,,,,,,,,,,,,,,,,,,,
3.91901,43.82876,"0","0","876",117,2025/03/26 13:54:50+00,,,,,,,,,,,,,,,,,,,,,
3.91944,43.82906,"0","0","877",118,2025/03/26 13:54:57+00,,,,,,,,,,,,,,,,,,,,,
3.91965,43.82923,"0","0","878",117,2025/03/26 13:55:01+00,,,,,,,,,,,,,,,,,,,,,
3.9199,43.82939,"0","0","879",117,2025/03/26 13:55:06+00,,,,,,,,,,,,,,,,,,,,,
3.92012,43.82959,"0","0","880",117,2025/03/26 13:55:10+00,,,,,,,,,,,,,,,,,,,,,
3.92018,43.82967,"0","0","881",117,2025/03/26 13:55:12+00,,,,,,,,,,,,,,,,,,,,,
3.92025,43.82977,"0","0","882",117,2025/03/26 13:55:14+00,,,,,,,,,,,,,,,,,,,,,
3.92035,43.82996,"0","0","883",117,2025/03/26 13:55:18+00,,,,,,,,,,,,,,,,,,,,,
3.92098,43.83118,"0","0","884",115,2025/03/26 13:55:41+00,,,,,,,,,,,,,,,,,,,,,
3.921,43.83125,"0","0","885",115,2025/03/26 13:55:42+00,,,,,,,,,,,,,,,,,,,,,
3.92098,43.83136,"0","0","886",115,2025/03/26 13:55:44+00,,,,,,,,,,,,,,,,,,,,,
3.92086,43.8317,"0","0","887",115,2025/03/26 13:55:50+00,,,,,,,,,,,,,,,,,,,,,
3.92083,43.83183,"0","0","888",115,2025/03/26 13:55:53+00,,,,,,,,,,,,,,,,,,,,,
3.92083,43.83262,"0","0","889",115,2025/03/26 13:56:07+00,,,,,,,,,,,,,,,,,,,,,
3.92085,43.83324,"0","0","890",118,2025/03/26 13:56:18+00,,,,,,,,,,,,,,,,,,,,,
3.92087,43.83334,"0","0","891",118,2025/03/26 13:56:19+00,,,,,,,,,,,,,,,,,,,,,
3.92091,43.83343,"0","0","892",119,2025/03/26 13:56:21+00,,,,,,,,,,,,,,,,,,,,,
3.92104,43.83366,"0","0","893",120,2025/03/26 13:56:26+00,,,,,,,,,,,,,,,,,,,,,
3.92111,43.83377,"0","0","894",120,2025/03/26 13:56:28+00,,,,,,,,,,,,,,,,,,,,,
3.92124,43.83391,"0","0","895",120,2025/03/26 13:56:31+00,,,,,,,,,,,,,,,,,,,,,
3.92162,43.83427,"0","0","896",120,2025/03/26 13:56:39+00,,,,,,,,,,,,,,,,,,,,,
3.92173,43.83442,"0","0","897",120,2025/03/26 13:56:42+00,,,,,,,,,,,,,,,,,,,,,
3.92174,43.83448,"0","0","898",120,2025/03/26 13:56:43+00,,,,,,,,,,,,,,,,,,,,,
3.92172,43.83454,"0","0","899",120,2025/03/26 13:56:44+00,,,,,,,,,,,,,,,,,,,,,
3.92161,43.83463,"0","0","900",119,2025/03/26 13:56:46+00,,,,,,,,,,,,,,,,,,,,,
3.92147,43.8347,"0","0","901",120,2025/03/26 13:56:48+00,,,,,,,,,,,,,,,,,,,,,
3.92129,43.83482,"0","0","902",120,2025/03/26 13:56:51+00,,,,,,,,,,,,,,,,,,,,,
3.92096,43.8353,"0","0","903",121,2025/03/26 13:57:01+00,,,,,,,,,,,,,,,,,,,,,
3.92087,43.83558,"0","0","904",121,2025/03/26 13:57:06+00,,,,,,,,,,,,,,,,,,,,,
3.92078,43.83579,"0","0","905",122,2025/03/26 13:57:10+00,,,,,,,,,,,,,,,,,,,,,
3.92056,43.83612,"0","0","906",123,2025/03/26 13:57:16+00,,,,,,,,,,,,,,,,,,,,,
3.92053,43.83618,"0","0","907",123,2025/03/26 13:57:18+00,,,,,,,,,,,,,,,,,,,,,
3.92052,43.83628,"0","0","908",123,2025/03/26 13:57:19+00,,,,,,,,,,,,,,,,,,,,,
3.92055,43.83688,"0","0","909",123,2025/03/26 13:57:30+00,,,,,,,,,,,,,,,,,,,,,
3.92058,43.83694,"0","0","910",123,2025/03/26 13:57:31+00,,,,,,,,,,,,,,,,,,,,,
3.92064,43.83701,"0","0","911",123,2025/03/26 13:57:33+00,,,,,,,,,,,,,,,,,,,,,
3.91968,43.83783,"0","0","912",125,2025/03/26 13:57:52+00,,,,,,,,,,,,,,,,,,,,,
3.91961,43.83793,"0","0","913",125,2025/03/26 13:57:54+00,,,,,,,,,,,,,,,,,,,,,
3.91957,43.83802,"0","0","914",125,2025/03/26 13:57:55+00,,,,,,,,,,,,,,,,,,,,,
3.91949,43.83823,"0","0","915",125,2025/03/26 13:57:59+00,,,,,,,,,,,,,,,,,,,,,
3.91939,43.83848,"0","0","916",126,2025/03/26 13:58:04+00,,,,,,,,,,,,,,,,,,,,,
3.91929,43.83872,"0","0","917",127,2025/03/26 13:58:08+00,,,,,,,,,,,,,,,,,,,,,
3.91926,43.83878,"0","0","918",127,2025/03/26 13:58:10+00,,,,,,,,,,,,,,,,,,,,,
3.91902,43.83922,"0","0","919",128,2025/03/26 13:58:18+00,,,,,,,,,,,,,,,,,,,,,
3.91897,43.83938,"0","0","920",128,2025/03/26 13:58:21+00,,,,,,,,,,,,,,,,,,,,,
3.91895,43.83951,"0","0","921",128,2025/03/26 13:58:23+00,,,,,,,,,,,,,,,,,,,,,
3.91892,43.83974,"0","0","922",128,2025/03/26 13:58:27+00,,,,,,,,,,,,,,,,,,,,,
3.9189,43.84031,"0","0","923",129,2025/03/26 13:58:37+00,,,,,,,,,,,,,,,,,,,,,
3.91888,43.84068,"0","0","924",128,2025/03/26 13:58:44+00,,,,,,,,,,,,,,,,,,,,,
3.91886,43.84086,"0","0","925",128,2025/03/26 13:58:47+00,,,,,,,,,,,,,,,,,,,,,
3.91883,43.84099,"0","0","926",129,2025/03/26 13:58:50+00,,,,,,,,,,,,,,,,,,,,,
3.91865,43.84148,"0","0","927",130,2025/03/26 13:58:59+00,,,,,,,,,,,,,,,,,,,,,
3.91858,43.84168,"0","0","928",130,2025/03/26 13:59:02+00,,,,,,,,,,,,,,,,,,,,,
3.91855,43.84173,"0","0","929",131,2025/03/26 13:59:03+00,,,,,,,,,,,,,,,,,,,,,
3.9185,43.8418,"0","0","930",131,2025/03/26 13:59:05+00,,,,,,,,,,,,,,,,,,,,,
3.91826,43.842,"0","0","931",132,2025/03/26 13:59:09+00,,,,,,,,,,,,,,,,,,,,,
3.91815,43.84216,"0","0","932",132,2025/03/26 13:59:13+00,,,,,,,,,,,,,,,,,,,,,
3.91815,43.8422,"0","0","933",132,2025/03/26 13:59:13+00,,,,,,,,,,,,,,,,,,,,,
3.91815,43.84226,"0","0","934",132,2025/03/26 13:59:14+00,,,,,,,,,,,,,,,,,,,,,
3.91816,43.84233,"0","0","935",132,2025/03/26 13:59:16+00,,,,,,,,,,,,,,,,,,,,,
3.91812,43.8424,"0","0","936",133,2025/03/26 13:59:17+00,,,,,,,,,,,,,,,,,,,,,
3.91806,43.84246,"0","0","937",133,2025/03/26 13:59:18+00,,,,,,,,,,,,,,,,,,,,,
3.91802,43.84248,"0","0","938",133,2025/03/26 13:59:19+00,,,,,,,,,,,,,,,,,,,,,
3.91793,43.8425,"0","0","939",133,2025/03/26 13:59:20+00,,,,,,,,,,,,,,,,,,,,,
3.91786,43.8425,"0","0","940",134,2025/03/26 13:59:21+00,,,,,,,,,,,,,,,,,,,,,
3.9178,43.84249,"0","0","941",134,2025/03/26 13:59:22+00,,,,,,,,,,,,,,,,,,,,,
3.91772,43.84247,"0","0","942",134,2025/03/26 13:59:23+00,,,,,,,,,,,,,,,,,,,,,
3.91766,43.84243,"0","0","943",134,2025/03/26 13:59:24+00,,,,,,,,,,,,,,,,,,,,,
3.91762,43.84238,"0","0","944",134,2025/03/26 13:59:25+00,,,,,,,,,,,,,,,,,,,,,
3.9176,43.84233,"0","0","945",134,2025/03/26 13:59:26+00,,,,,,,,,,,,,,,,,,,,,
3.9176,43.84229,"0","0","946",134,2025/03/26 13:59:27+00,,,,,,,,,,,,,,,,,,,,,
3.91761,43.84224,"0","0","947",134,2025/03/26 13:59:27+00,,,,,,,,,,,,,,,,,,,,,
3.91765,43.84218,"0","0","948",133,2025/03/26 13:59:29+00,,,,,,,,,,,,,,,,,,,,,
3.91769,43.84215,"0","0","949",133,2025/03/26 13:59:29+00,,,,,,,,,,,,,,,,,,,,,
3.91774,43.84212,"0","0","950",133,2025/03/26 13:59:30+00,,,,,,,,,,,,,,,,,,,,,
3.9178,43.8421,"0","0","951",133,2025/03/26 13:59:31+00,,,,,,,,,,,,,,,,,,,,,
3.91789,43.8421,"0","0","952",133,2025/03/26 13:59:32+00,,,,,,,,,,,,,,,,,,,,,
3.91792,43.8421,"0","0","953",133,2025/03/26 13:59:33+00,,,,,,,,,,,,,,,,,,,,,
3.91797,43.84211,"0","0","954",132,2025/03/26 13:59:33+00,,,,,,,,,,,,,,,,,,,,,
3.91806,43.84214,"0","0","955",132,2025/03/26 13:59:35+00,,,,,,,,,,,,,,,,,,,,,
3.91812,43.84219,"0","0","956",132,2025/03/26 13:59:36+00,,,,,,,,,,,,,,,,,,,,,
3.91815,43.84226,"0","0","957",132,2025/03/26 13:59:37+00,,,,,,,,,,,,,,,,,,,,,
3.91816,43.84233,"0","0","958",132,2025/03/26 13:59:38+00,,,,,,,,,,,,,,,,,,,,,
3.91812,43.8424,"0","0","959",133,2025/03/26 13:59:40+00,,,,,,,,,,,,,,,,,,,,,
3.91813,43.8425,"0","0","960",133,2025/03/26 13:59:41+00,,,,,,,,,,,,,,,,,,,,,
3.91824,43.84267,"0","0","961",133,2025/03/26 13:59:45+00,,,,,,,,,,,,,,,,,,,,,
3.91839,43.84283,"0","0","962",133,2025/03/26 13:59:48+00,,,,,,,,,,,,,,,,,,,,,
3.9185,43.843,"0","0","963",133,2025/03/26 13:59:52+00,,,,,,,,,,,,,,,,,,,,,
3.91963,43.84424,"0","0","964",133,2025/03/26 14:00:18+00,,,,,,,,,,,,,,,,,,,,,
3.92041,43.84512,"0","0","965",134,2025/03/26 14:00:36+00,,,,,,,,,,,,,,,,,,,,,
3.92101,43.84577,"0","0","966",135,2025/03/26 14:00:50+00,,,,,,,,,,,,,,,,,,,,,
3.92474,43.84992,"0","0","967",126,2025/03/26 14:02:18+00,,,,,,,,,,,,,,,,,,,,,
3.9253,43.85055,"0","0","968",128,2025/03/26 14:02:32+00,,,,,,,,,,,,,,,,,,,,,
3.92541,43.85065,"0","0","969",129,2025/03/26 14:02:34+00,,,,,,,,,,,,,,,,,,,,,
3.92571,43.85093,"0","0","970",128,2025/03/26 14:02:40+00,,,,,,,,,,,,,,,,,,,,,
3.92574,43.85095,"0","0","971",128,2025/03/26 14:02:41+00,,,,,,,,,,,,,,,,,,,,,
3.92659,43.85172,"0","0","972",129,2025/03/26 14:02:58+00,,,,,,,,,,,,,,,,,,,,,
3.92694,43.85207,"0","0","973",127,2025/03/26 14:03:06+00,,,,,,,,,,,,,,,,,,,,,
3.92908,43.85478,"0","0","974",121,2025/03/26 14:04:01+00,,,,,,,,,,,,,,,,,,,,,
3.92942,43.85521,"0","0","975",121,2025/03/26 14:04:10+00,,,,,,,,,,,,,,,,,,,,,
3.92972,43.85555,"0","0","976",122,2025/03/26 14:04:17+00,,,,,,,,,,,,,,,,,,,,,
3.92989,43.85572,"0","0","977",122,2025/03/26 14:04:21+00,,,,,,,,,,,,,,,,,,,,,
3.93033,43.85609,"0","0","978",122,2025/03/26 14:04:30+00,,,,,,,,,,,,,,,,,,,,,
3.93058,43.85623,"0","0","979",122,2025/03/26 14:04:34+00,,,,,,,,,,,,,,,,,,,,,
3.93127,43.85665,"0","0","980",122,2025/03/26 14:04:45+00,,,,,,,,,,,,,,,,,,,,,
3.93159,43.85682,"0","0","981",122,2025/03/26 14:04:51+00,,,,,,,,,,,,,,,,,,,,,
3.93187,43.85698,"0","0","982",121,2025/03/26 14:04:55+00,,,,,,,,,,,,,,,,,,,,,
3.93197,43.85705,"0","0","983",121,2025/03/26 14:04:57+00,,,,,,,,,,,,,,,,,,,,,
3.93222,43.85722,"0","0","984",120,2025/03/26 14:05:01+00,,,,,,,,,,,,,,,,,,,,,
3.93292,43.85793,"0","0","985",118,2025/03/26 14:05:17+00,,,,,,,,,,,,,,,,,,,,,
3.9332,43.85824,"0","0","986",118,2025/03/26 14:05:23+00,,,,,,,,,,,,,,,,,,,,,
3.9333,43.85834,"0","0","987",118,2025/03/26 14:05:26+00,,,,,,,,,,,,,,,,,,,,,
3.9336,43.85868,"0","0","988",118,2025/03/26 14:05:33+00,,,,,,,,,,,,,,,,,,,,,
3.93387,43.85898,"0","0","989",118,2025/03/26 14:05:39+00,,,,,,,,,,,,,,,,,,,,,
3.93471,43.85987,"0","0","990",118,2025/03/26 14:05:58+00,,,,,,,,,,,,,,,,,,,,,
3.93491,43.86011,"0","0","991",118,2025/03/26 14:06:03+00,,,,,,,,,,,,,,,,,,,,,
3.93504,43.86024,"0","0","992",119,2025/03/26 14:06:06+00,,,,,,,,,,,,,,,,,,,,,
3.93537,43.86059,"0","0","993",119,2025/03/26 14:06:14+00,,,,,,,,,,,,,,,,,,,,,
3.93574,43.86102,"0","0","994",119,2025/03/26 14:06:23+00,,,,,,,,,,,,,,,,,,,,,
3.93606,43.86134,"0","0","995",119,2025/03/26 14:06:30+00,,,,,,,,,,,,,,,,,,,,,
3.93635,43.86175,"0","0","996",118,2025/03/26 14:06:38+00,,,,,,,,,,,,,,,,,,,,,
3.93649,43.86202,"0","0","997",118,2025/03/26 14:06:43+00,,,,,,,,,,,,,,,,,,,,,
3.93654,43.86212,"0","0","998",118,2025/03/26 14:06:45+00,,,,,,,,,,,,,,,,,,,,,
3.9366,43.86231,"0","0","999",118,2025/03/26 14:06:48+00,,,,,,,,,,,,,,,,,,,,,
3.93666,43.86257,"0","0","1000",118,2025/03/26 14:06:53+00,,,,,,,,,,,,,,,,,,,,,
3.93669,43.8628,"0","0","1001",118,2025/03/26 14:06:57+00,,,,,,,,,,,,,,,,,,,,,
3.93666,43.8632,"0","0","1002",117,2025/03/26 14:07:04+00,,,,,,,,,,,,,,,,,,,,,
3.93641,43.86401,"0","0","1003",117,2025/03/26 14:07:19+00,,,,,,,,,,,,,,,,,,,,,
3.93633,43.86427,"0","0","1004",118,2025/03/26 14:07:24+00,,,,,,,,,,,,,,,,,,,,,
3.93625,43.86451,"0","0","1005",119,2025/03/26 14:07:28+00,,,,,,,,,,,,,,,,,,,,,
3.9361,43.865,"0","0","1006",120,2025/03/26 14:07:37+00,,,,,,,,,,,,,,,,,,,,,
3.936,43.86553,"0","0","1007",121,2025/03/26 14:07:47+00,,,,,,,,,,,,,,,,,,,,,
3.93595,43.86587,"0","0","1008",122,2025/03/26 14:07:53+00,,,,,,,,,,,,,,,,,,,,,
3.93592,43.86633,"0","0","1009",124,2025/03/26 14:08:01+00,,,,,,,,,,,,,,,,,,,,,
3.93583,43.86738,"0","0","1010",128,2025/03/26 14:08:20+00,,,,,,,,,,,,,,,,,,,,,
3.93594,43.86797,"0","0","1011",131,2025/03/26 14:08:30+00,,,,,,,,,,,,,,,,,,,,,
3.93601,43.8682,"0","0","1012",132,2025/03/26 14:08:34+00,,,,,,,,,,,,,,,,,,,,,
3.93609,43.8684,"0","0","1013",133,2025/03/26 14:08:38+00,,,,,,,,,,,,,,,,,,,,,
3.93619,43.86856,"0","0","1014",134,2025/03/26 14:08:41+00,,,,,,,,,,,,,,,,,,,,,
3.93631,43.86867,"0","0","1015",134,2025/03/26 14:08:44+00,,,,,,,,,,,,,,,,,,,,,
3.93639,43.86868,"0","0","1016",133,2025/03/26 14:08:45+00,,,,,,,,,,,,,,,,,,,,,
3.93646,43.86872,"0","0","1017",133,2025/03/26 14:08:46+00,,,,,,,,,,,,,,,,,,,,,
3.93651,43.86877,"0","0","1018",133,2025/03/26 14:08:47+00,,,,,,,,,,,,,,,,,,,,,
3.93652,43.86883,"0","0","1019",134,2025/03/26 14:08:48+00,,,,,,,,,,,,,,,,,,,,,
3.9365,43.86889,"0","0","1020",134,2025/03/26 14:08:49+00,,,,,,,,,,,,,,,,,,,,,
3.93651,43.86897,"0","0","1021",135,2025/03/26 14:08:51+00,,,,,,,,,,,,,,,,,,,,,
3.93652,43.86903,"0","0","1022",135,2025/03/26 14:08:52+00,,,,,,,,,,,,,,,,,,,,,
3.93659,43.86913,"0","0","1023",136,2025/03/26 14:08:54+00,,,,,,,,,,,,,,,,,,,,,
3.93672,43.86926,"0","0","1024",136,2025/03/26 14:08:57+00,,,,,,,,,,,,,,,,,,,,,
3.93698,43.86946,"0","0","1025",137,2025/03/26 14:09:01+00,,,,,,,,,,,,,,,,,,,,,
3.93713,43.86956,"0","0","1026",137,2025/03/26 14:09:04+00,,,,,,,,,,,,,,,,,,,,,
3.93767,43.86985,"0","0","1027",137,2025/03/26 14:09:13+00,,,,,,,,,,,,,,,,,,,,,
3.93857,43.87018,"0","0","1028",137,2025/03/26 14:09:26+00,,,,,,,,,,,,,,,,,,,,,
3.93867,43.87021,"0","0","1029",136,2025/03/26 14:09:27+00,,,,,,,,,,,,,,,,,,,,,
3.9395,43.87052,"0","0","1030",134,2025/03/26 14:09:39+00,,,,,,,,,,,,,,,,,,,,,
3.94106,43.8711,"0","0","1031",135,2025/03/26 14:10:02+00,,,,,,,,,,,,,,,,,,,,,
3.94154,43.87128,"0","0","1032",135,2025/03/26 14:10:08+00,,,,,,,,,,,,,,,,,,,,,
3.94235,43.87149,"0","0","1033",135,2025/03/26 14:10:20+00,,,,,,,,,,,,,,,,,,,,,
3.94278,43.87156,"0","0","1034",134,2025/03/26 14:10:25+00,,,,,,,,,,,,,,,,,,,,,
3.94284,43.87155,"0","0","1035",134,2025/03/26 14:10:26+00,,,,,,,,,,,,,,,,,,,,,
3.9429,43.87156,"0","0","1036",134,2025/03/26 14:10:27+00,,,,,,,,,,,,,,,,,,,,,
3.94295,43.87158,"0","0","1037",134,2025/03/26 14:10:28+00,,,,,,,,,,,,,,,,,,,,,
3.94299,43.8716,"0","0","1038",134,2025/03/26 14:10:28+00,,,,,,,,,,,,,,,,,,,,,
3.94302,43.87164,"0","0","1039",134,2025/03/26 14:10:29+00,,,,,,,,,,,,,,,,,,,,,
3.94304,43.87168,"0","0","1040",134,2025/03/26 14:10:30+00,,,,,,,,,,,,,,,,,,,,,
3.94304,43.87171,"0","0","1041",135,2025/03/26 14:10:30+00,,,,,,,,,,,,,,,,,,,,,
3.9431,43.87178,"0","0","1042",135,2025/03/26 14:10:32+00,,,,,,,,,,,,,,,,,,,,,
3.94317,43.87183,"0","0","1043",135,2025/03/26 14:10:33+00,,,,,,,,,,,,,,,,,,,,,
3.94332,43.87191,"0","0","1044",135,2025/03/26 14:10:35+00,,,,,,,,,,,,,,,,,,,,,
3.94346,43.87196,"0","0","1045",135,2025/03/26 14:10:37+00,,,,,,,,,,,,,,,,,,,,,
3.94362,43.87201,"0","0","1046",135,2025/03/26 14:10:40+00,,,,,,,,,,,,,,,,,,,,,
3.94382,43.87205,"0","0","1047",135,2025/03/26 14:10:42+00,,,,,,,,,,,,,,,,,,,,,
3.94421,43.8721,"0","0","1048",135,2025/03/26 14:10:47+00,,,,,,,,,,,,,,,,,,,,,
3.9457,43.87205,"0","0","1049",133,2025/03/26 14:11:06+00,,,,,,,,,,,,,,,,,,,,,
3.94644,43.87203,"0","0","1050",134,2025/03/26 14:11:16+00,,,,,,,,,,,,,,,,,,,,,
3.94688,43.87202,"0","0","1051",135,2025/03/26 14:11:22+00,,,,,,,,,,,,,,,,,,,,,
3.94737,43.87204,"0","0","1052",136,2025/03/26 14:11:28+00,,,,,,,,,,,,,,,,,,,,,
3.94799,43.87209,"0","0","1053",136,2025/03/26 14:11:36+00,,,,,,,,,,,,,,,,,,,,,
3.94843,43.87216,"0","0","1054",137,2025/03/26 14:11:42+00,,,,,,,,,,,,,,,,,,,,,
3.94909,43.87227,"0","0","1055",138,2025/03/26 14:11:50+00,,,,,,,,,,,,,,,,,,,,,
3.95047,43.87253,"0","0","1056",140,2025/03/26 14:12:09+00,,,,,,,,,,,,,,,,,,,,,
3.95301,43.873,"0","0","1057",144,2025/03/26 14:12:42+00,,,,,,,,,,,,,,,,,,,,,
3.95393,43.87317,"0","0","1058",146,2025/03/26 14:12:54+00,,,,,,,,,,,,,,,,,,,,,
3.95464,43.87333,"0","0","1059",148,2025/03/26 14:13:04+00,,,,,,,,,,,,,,,,,,,,,
3.95528,43.8735,"0","0","1060",148,2025/03/26 14:13:13+00,,,,,,,,,,,,,,,,,,,,,
3.95597,43.87371,"0","0","1061",149,2025/03/26 14:13:22+00,,,,,,,,,,,,,,,,,,,,,
3.95684,43.87402,"0","0","1062",150,2025/03/26 14:13:35+00,,,,,,,,,,,,,,,,,,,,,
3.95797,43.87441,"0","0","1063",152,2025/03/26 14:13:51+00,,,,,,,,,,,,,,,,,,,,,
3.95874,43.87476,"0","0","1064",154,2025/03/26 14:14:03+00,,,,,,,,,,,,,,,,,,,,,
3.95959,43.87521,"0","0","1065",155,2025/03/26 14:14:16+00,,,,,,,,,,,,,,,,,,,,,
3.95986,43.87538,"0","0","1066",156,2025/03/26 14:14:21+00,,,,,,,,,,,,,,,,,,,,,
3.96024,43.87568,"0","0","1067",158,2025/03/26 14:14:28+00,,,,,,,,,,,,,,,,,,,,,
3.96082,43.87613,"0","0","1068",160,2025/03/26 14:14:39+00,,,,,,,,,,,,,,,,,,,,,
3.96241,43.87739,"0","0","1069",163,2025/03/26 14:15:09+00,,,,,,,,,,,,,,,,,,,,,
3.96642,43.88061,"0","0","1070",160,2025/03/26 14:16:26+00,,,,,,,,,,,,,,,,,,,,,
3.96668,43.88079,"0","0","1071",158,2025/03/26 14:16:31+00,,,,,,,,,,,,,,,,,,,,,
3.96692,43.88096,"0","0","1072",156,2025/03/26 14:16:35+00,,,,,,,,,,,,,,,,,,,,,
3.96751,43.88143,"0","0","1073",151,2025/03/26 14:16:46+00,,,,,,,,,,,,,,,,,,,,,
3.9676,43.8815,"0","0","1074",150,2025/03/26 14:16:48+00,,,,,,,,,,,,,,,,,,,,,
3.96801,43.88183,"0","0","1075",149,2025/03/26 14:16:56+00,,,,,,,,,,,,,,,,,,,,,
3.96828,43.88207,"0","0","1076",148,2025/03/26 14:17:01+00,,,,,,,,,,,,,,,,,,,,,
3.96849,43.88227,"0","0","1077",147,2025/03/26 14:17:06+00,,,,,,,,,,,,,,,,,,,,,
3.96888,43.88258,"0","0","1078",147,2025/03/26 14:17:13+00,,,,,,,,,,,,,,,,,,,,,
3.96998,43.88346,"0","0","1079",145,2025/03/26 14:17:34+00,,,,,,,,,,,,,,,,,,,,,
3.97203,43.8851,"0","0","1080",139,2025/03/26 14:18:14+00,,,,,,,,,,,,,,,,,,,,,
3.97254,43.88549,"0","0","1081",140,2025/03/26 14:18:23+00,,,,,,,,,,,,,,,,,,,,,
3.97291,43.88574,"0","0","1082",139,2025/03/26 14:18:30+00,,,,,,,,,,,,,,,,,,,,,
3.97334,43.88601,"0","0","1083",139,2025/03/26 14:18:37+00,,,,,,,,,,,,,,,,,,,,,
3.97541,43.88722,"0","0","1084",141,2025/03/26 14:19:11+00,,,,,,,,,,,,,,,,,,,,,
3.97619,43.8877,"0","0","1085",142,2025/03/26 14:19:24+00,,,,,,,,,,,,,,,,,,,,,
3.97657,43.88795,"0","0","1086",141,2025/03/26 14:19:31+00,,,,,,,,,,,,,,,,,,,,,
3.97693,43.88823,"0","0","1087",141,2025/03/26 14:19:38+00,,,,,,,,,,,,,,,,,,,,,
3.97712,43.88838,"0","0","1088",141,2025/03/26 14:19:41+00,,,,,,,,,,,,,,,,,,,,,
3.97735,43.88858,"0","0","1089",140,2025/03/26 14:19:46+00,,,,,,,,,,,,,,,,,,,,,
3.97771,43.88892,"0","0","1090",139,2025/03/26 14:19:54+00,,,,,,,,,,,,,,,,,,,,,
3.97815,43.88933,"0","0","1091",139,2025/03/26 14:20:03+00,,,,,,,,,,,,,,,,,,,,,
3.97867,43.88987,"0","0","1092",137,2025/03/26 14:20:15+00,,,,,,,,,,,,,,,,,,,,,
3.97907,43.89033,"0","0","1093",135,2025/03/26 14:20:24+00,,,,,,,,,,,,,,,,,,,,,
3.97938,43.89073,"0","0","1094",133,2025/03/26 14:20:32+00,,,,,,,,,,,,,,,,,,,,,
3.9797,43.8912,"0","0","1095",131,2025/03/26 14:20:42+00,,,,,,,,,,,,,,,,,,,,,
3.98009,43.89183,"0","0","1096",128,2025/03/26 14:20:54+00,,,,,,,,,,,,,,,,,,,,,
3.9803,43.89217,"0","0","1097",128,2025/03/26 14:21:01+00,,,,,,,,,,,,,,,,,,,,,
3.98173,43.89474,"0","0","1098",121,2025/03/26 14:21:50+00,,,,,,,,,,,,,,,,,,,,,
3.982,43.89518,"0","0","1099",119,2025/03/26 14:21:58+00,,,,,,,,,,,,,,,,,,,,,
3.98273,43.89612,"0","0","1100",115,2025/03/26 14:22:18+00,,,,,,,,,,,,,,,,,,,,,
3.983,43.89643,"0","0","1101",112,2025/03/26 14:22:24+00,,,,,,,,,,,,,,,,,,,,,
3.98321,43.89665,"0","0","1102",109,2025/03/26 14:22:29+00,,,,,,,,,,,,,,,,,,,,,
3.98336,43.89681,"0","0","1103",110,2025/03/26 14:22:32+00,,,,,,,,,,,,,,,,,,,,,
3.98339,43.89685,"0","0","1104",110,2025/03/26 14:22:33+00,,,,,,,,,,,,,,,,,,,,,
3.98401,43.8974,"0","0","1105",107,2025/03/26 14:22:46+00,,,,,,,,,,,,,,,,,,,,,
3.98438,43.8977,"0","0","1106",106,2025/03/26 14:22:53+00,,,,,,,,,,,,,,,,,,,,,
3.98493,43.8981,"0","0","1107",104,2025/03/26 14:23:03+00,,,,,,,,,,,,,,,,,,,,,
3.98543,43.89843,"0","0","1108",103,2025/03/26 14:23:12+00,,,,,,,,,,,,,,,,,,,,,
3.98584,43.89868,"0","0","1109",103,2025/03/26 14:23:18+00,,,,,,,,,,,,,,,,,,,,,
3.9859,43.89871,"0","0","1110",103,2025/03/26 14:23:19+00,,,,,,,,,,,,,,,,,,,,,
3.9867,43.89912,"0","0","1111",104,2025/03/26 14:23:32+00,,,,,,,,,,,,,,,,,,,,,
3.98909,43.90017,"0","0","1112",101,2025/03/26 14:24:08+00,,,,,,,,,,,,,,,,,,,,,
3.98979,43.90045,"0","0","1113",99,2025/03/26 14:24:18+00,,,,,,,,,,,,,,,,,,,,,
3.99012,43.90057,"0","0","1114",99,2025/03/26 14:24:23+00,,,,,,,,,,,,,,,,,,,,,
3.99045,43.90066,"0","0","1115",98,2025/03/26 14:24:27+00,,,,,,,,,,,,,,,,,,,,,
3.99108,43.9008,"0","0","1116",96,2025/03/26 14:24:36+00,,,,,,,,,,,,,,,,,,,,,
3.99129,43.90083,"0","0","1117",96,2025/03/26 14:24:39+00,,,,,,,,,,,,,,,,,,,,,
3.99183,43.90082,"0","0","1118",95,2025/03/26 14:24:45+00,,,,,,,,,,,,,,,,,,,,,
3.99232,43.90076,"0","0","1119",92,2025/03/26 14:24:52+00,,,,,,,,,,,,,,,,,,,,,
3.99238,43.90071,"0","0","1120",92,2025/03/26 14:24:53+00,,,,,,,,,,,,,,,,,,,,,
3.99246,43.90068,"0","0","1121",91,2025/03/26 14:24:54+00,,,,,,,,,,,,,,,,,,,,,
3.99257,43.90066,"0","0","1122",91,2025/03/26 14:24:56+00,,,,,,,,,,,,,,,,,,,,,
3.99268,43.90066,"0","0","1123",91,2025/03/26 14:24:57+00,,,,,,,,,,,,,,,,,,,,,
3.99278,43.90069,"0","0","1124",90,2025/03/26 14:24:58+00,,,,,,,,,,,,,,,,,,,,,
3.99286,43.90073,"0","0","1125",90,2025/03/26 14:25:00+00,,,,,,,,,,,,,,,,,,,,,
3.99293,43.9008,"0","0","1126",90,2025/03/26 14:25:01+00,,,,,,,,,,,,,,,,,,,,,
3.99331,43.90086,"0","0","1127",89,2025/03/26 14:25:06+00,,,,,,,,,,,,,,,,,,,,,
3.99364,43.90088,"0","0","1128",88,2025/03/26 14:25:10+00,,,,,,,,,,,,,,,,,,,,,
3.99383,43.90091,"0","0","1129",87,2025/03/26 14:25:13+00,,,,,,,,,,,,,,,,,,,,,
3.9943,43.90098,"0","0","1130",86,2025/03/26 14:25:19+00,,,,,,,,,,,,,,,,,,,,,
3.99484,43.90107,"0","0","1131",85,2025/03/26 14:25:26+00,,,,,,,,,,,,,,,,,,,,,
3.99709,43.90162,"0","0","1132",77,2025/03/26 14:25:57+00,,,,,,,,,,,,,,,,,,,,,
3.99791,43.90182,"0","0","1133",75,2025/03/26 14:26:08+00,,,,,,,,,,,,,,,,,,,,,
3.99878,43.90204,"0","0","1134",75,2025/03/26 14:26:20+00,,,,,,,,,,,,,,,,,,,,,
3.99933,43.90219,"0","0","1135",74,2025/03/26 14:26:27+00,,,,,,,,,,,,,,,,,,,,,
3.99957,43.90227,"0","0","1136",74,2025/03/26 14:26:31+00,,,,,,,,,,,,,,,,,,,,,
3.99992,43.9024,"0","0","1137",74,2025/03/26 14:26:36+00,,,,,,,,,,,,,,,,,,,,,
4.00023,43.90251,"0","0","1138",74,2025/03/26 14:26:40+00,,,,,,,,,,,,,,,,,,,,,
4.00094,43.90289,"0","0","1139",75,2025/03/26 14:26:51+00,,,,,,,,,,,,,,,,,,,,,
4.00111,43.90295,"0","0","1140",76,2025/03/26 14:26:54+00,,,,,,,,,,,,,,,,,,,,,
4.00118,43.90294,"0","0","1141",76,2025/03/26 14:26:55+00,,,,,,,,,,,,,,,,,,,,,
4.00127,43.90293,"0","0","1142",76,2025/03/26 14:26:56+00,,,,,,,,,,,,,,,,,,,,,
4.00135,43.90295,"0","0","1143",76,2025/03/26 14:26:57+00,,,,,,,,,,,,,,,,,,,,,
4.00142,43.90299,"0","0","1144",76,2025/03/26 14:26:58+00,,,,,,,,,,,,,,,,,,,,,
4.00147,43.90303,"0","0","1145",76,2025/03/26 14:26:59+00,,,,,,,,,,,,,,,,,,,,,
4.00149,43.90308,"0","0","1146",76,2025/03/26 14:27:00+00,,,,,,,,,,,,,,,,,,,,,
4.0015,43.90314,"0","0","1147",76,2025/03/26 14:27:01+00,,,,,,,,,,,,,,,,,,,,,
4.00148,43.90319,"0","0","1148",76,2025/03/26 14:27:02+00,,,,,,,,,,,,,,,,,,,,,
4.00169,43.90347,"0","0","1149",76,2025/03/26 14:27:08+00,,,,,,,,,,,,,,,,,,,,,
4.00177,43.90355,"0","0","1150",75,2025/03/26 14:27:09+00,,,,,,,,,,,,,,,,,,,,,
4.00213,43.9039,"0","0","1151",74,2025/03/26 14:27:17+00,,,,,,,,,,,,,,,,,,,,,
4.00257,43.90425,"0","0","1152",74,2025/03/26 14:27:26+00,,,,,,,,,,,,,,,,,,,,,
4.0037,43.9051,"0","0","1153",71,2025/03/26 14:27:46+00,,,,,,,,,,,,,,,,,,,,,
4.00398,43.9053,"0","0","1154",72,2025/03/26 14:27:52+00,,,,,,,,,,,,,,,,,,,,,
4.00445,43.90553,"0","0","1155",73,2025/03/26 14:27:59+00,,,,,,,,,,,,,,,,,,,,,
4.00463,43.9056,"0","0","1156",73,2025/03/26 14:28:01+00,,,,,,,,,,,,,,,,,,,,,
4.00472,43.90559,"0","0","1157",73,2025/03/26 14:28:03+00,,,,,,,,,,,,,,,,,,,,,
4.00481,43.9056,"0","0","1158",74,2025/03/26 14:28:04+00,,,,,,,,,,,,,,,,,,,,,
4.0049,43.90562,"0","0","1159",74,2025/03/26 14:28:05+00,,,,,,,,,,,,,,,,,,,,,
4.00499,43.90566,"0","0","1160",74,2025/03/26 14:28:06+00,,,,,,,,,,,,,,,,,,,,,
4.00506,43.90572,"0","0","1161",75,2025/03/26 14:28:08+00,,,,,,,,,,,,,,,,,,,,,
4.0051,43.90579,"0","0","1162",75,2025/03/26 14:28:09+00,,,,,,,,,,,,,,,,,,,,,
4.00512,43.90587,"0","0","1163",76,2025/03/26 14:28:11+00,,,,,,,,,,,,,,,,,,,,,
4.00511,43.90595,"0","0","1164",76,2025/03/26 14:28:12+00,,,,,,,,,,,,,,,,,,,,,
4.00506,43.90602,"0","0","1165",76,2025/03/26 14:28:13+00,,,,,,,,,,,,,,,,,,,,,
4.00499,43.90608,"0","0","1166",76,2025/03/26 14:28:15+00,,,,,,,,,,,,,,,,,,,,,
4.00497,43.90621,"0","0","1167",76,2025/03/26 14:28:17+00,,,,,,,,,,,,,,,,,,,,,
4.00495,43.90645,"0","0","1168",77,2025/03/26 14:28:21+00,,,,,,,,,,,,,,,,,,,,,
4.00492,43.90649,"0","0","1169",77,2025/03/26 14:28:22+00,,,,,,,,,,,,,,,,,,,,,
4.00487,43.90656,"0","0","1170",77,2025/03/26 14:28:24+00,,,,,,,,,,,,,,,,,,,,,
4.00484,43.9066,"0","0","1171",77,2025/03/26 14:28:24+00,,,,,,,,,,,,,,,,,,,,,
4.00473,43.90677,"0","0","1172",77,2025/03/26 14:28:28+00,,,,,,,,,,,,,,,,,,,,,
4.00444,43.90707,"0","0","1173",77,2025/03/26 14:28:34+00,,,,,,,,,,,,,,,,,,,,,
4.00407,43.90732,"0","0","1174",77,2025/03/26 14:28:41+00,,,,,,,,,,,,,,,,,,,,,
4.00388,43.90744,"0","0","1175",77,2025/03/26 14:28:44+00,,,,,,,,,,,,,,,,,,,,,
4.00372,43.90755,"0","0","1176",78,2025/03/26 14:28:47+00,,,,,,,,,,,,,,,,,,,,,
4.00358,43.90766,"0","0","1177",78,2025/03/26 14:28:49+00,,,,,,,,,,,,,,,,,,,,,
4.00343,43.90781,"0","0","1178",79,2025/03/26 14:28:53+00,,,,,,,,,,,,,,,,,,,,,
4.00326,43.90806,"0","0","1179",80,2025/03/26 14:28:58+00,,,,,,,,,,,,,,,,,,,,,
4.00316,43.90827,"0","0","1180",80,2025/03/26 14:29:02+00,,,,,,,,,,,,,,,,,,,,,
4.00296,43.9088,"0","0","1181",81,2025/03/26 14:29:11+00,,,,,,,,,,,,,,,,,,,,,
4.00272,43.90944,"0","0","1182",82,2025/03/26 14:29:23+00,,,,,,,,,,,,,,,,,,,,,
4.00264,43.90964,"0","0","1183",82,2025/03/26 14:29:27+00,,,,,,,,,,,,,,,,,,,,,
4.00256,43.90975,"0","0","1184",82,2025/03/26 14:29:29+00,,,,,,,,,,,,,,,,,,,,,
